This is XeTeX, Version 3.141592653-2.6-0.999997 (TeX Live 2025) (preloaded format=xelatex 2025.10.19)  1 SEP 2026 19:49
entering extended mode
 restricted \write18 enabled.
 %&-line parsing enabled.
**document_maitre.tex
(./document_maitre.tex
LaTeX2e <2025-06-01> patch level 1
L3 programming layer <2025-09-02>
(/usr/local/texlive/2025/texmf-dist/tex/latex/base/book.cls
Document Class: book 2025/01/22 v1.4n Standard LaTeX document class
(/usr/local/texlive/2025/texmf-dist/tex/latex/base/bk12.clo
File: bk12.clo 2025/01/22 v1.4n Standard LaTeX file (size option)
)
\c@part=\count271
\c@chapter=\count272
\c@section=\count273
\c@subsection=\count274
\c@subsubsection=\count275
\c@paragraph=\count276
\c@subparagraph=\count277
\c@figure=\count278
\c@table=\count279
\abovecaptionskip=\skip49
\belowcaptionskip=\skip50
\bibindent=\dimen148
)
(/usr/local/texlive/2025/texmf-dist/tex/latex/fontspec/fontspec.sty
(/usr/local/texlive/2025/texmf-dist/tex/latex/l3packages/xparse/xparse.sty
(/usr/local/texlive/2025/texmf-dist/tex/latex/l3kernel/expl3.sty
Package: expl3 2025-09-02 L3 programming layer (loader) 

(/usr/local/texlive/2025/texmf-dist/tex/latex/l3backend/l3backend-xetex.def
File: l3backend-xetex.def 2025-06-09 L3 backend support: XeTeX
\g__graphics_track_int=\count280
\g__pdfannot_backend_int=\count281
\g__pdfannot_backend_link_int=\count282
))
Package: xparse 2024-08-16 L3 Experimental document command parser
)
Package: fontspec 2025/09/29 v2.9g Font selection for XeLaTeX and LuaLaTeX

(/usr/local/texlive/2025/texmf-dist/tex/latex/fontspec/fontspec-xetex.sty
Package: fontspec-xetex 2025/09/29 v2.9g Font selection for XeLaTeX and LuaLaTe
X
\l__fontspec_script_int=\count283
\l__fontspec_language_int=\count284
\l__fontspec_strnum_int=\count285
\l__fontspec_tmp_int=\count286
\l__fontspec_tmpa_int=\count287
\l__fontspec_tmpb_int=\count288
\l__fontspec_tmpc_int=\count289
\l__fontspec_em_int=\count290
\l__fontspec_emdef_int=\count291
\l__fontspec_strong_int=\count292
\l__fontspec_strongdef_int=\count293
\l__fontspec_tmpa_dim=\dimen149
\l__fontspec_tmpb_dim=\dimen150
\l__fontspec_tmpc_dim=\dimen151

(/usr/local/texlive/2025/texmf-dist/tex/latex/base/fontenc.sty
Package: fontenc 2024/12/21 v2.1c Standard LaTeX package
)
(/usr/local/texlive/2025/texmf-dist/tex/latex/fontspec/fontspec.cfg)))
(/usr/local/texlive/2025/texmf-dist/tex/xelatex/xunicode/xunicode.sty
File: xunicode.sty 2011/09/09 v0.981 provides access to latin accents and many 
other characters in Unicode lower plane

(/usr/local/texlive/2025/texmf-dist/tex/latex/tipa/t3enc.def
File: t3enc.def 2001/12/31 T3 encoding
)
\tipaTiiicode=\count294
\tipasavetokens=\toks17
\tipachecktokens=\toks18
LaTeX Encoding Info:    Redeclaring text command \nobreakspace (encoding TU) on
 input line 1725.
LaTeX Encoding Info:    Redeclaring text command \copyright (encoding TU) on in
put line 1739.
LaTeX Encoding Info:    Redeclaring text command \AA (encoding TU) on input lin
e 1785.
LaTeX Encoding Info:    Redeclaring text command \aa (encoding TU) on input lin
e 1842.

(/usr/local/texlive/2025/texmf-dist/tex/latex/graphics/graphicx.sty
Package: graphicx 2024/12/31 v1.2e Enhanced LaTeX Graphics (DPC,SPQR)

(/usr/local/texlive/2025/texmf-dist/tex/latex/graphics/keyval.sty
Package: keyval 2022/05/29 v1.15 key=value parser (DPC)
\KV@toks@=\toks19
)
(/usr/local/texlive/2025/texmf-dist/tex/latex/graphics/graphics.sty
Package: graphics 2024/08/06 v1.4g Standard LaTeX Graphics (DPC,SPQR)

(/usr/local/texlive/2025/texmf-dist/tex/latex/graphics/trig.sty
Package: trig 2023/12/02 v1.11 sin cos tan (DPC)
)
(/usr/local/texlive/2025/texmf-dist/tex/latex/graphics-cfg/graphics.cfg
File: graphics.cfg 2016/06/04 v1.11 sample graphics configuration
)
Package graphics Info: Driver file: xetex.def on input line 106.

(/usr/local/texlive/2025/texmf-dist/tex/latex/graphics-def/xetex.def
File: xetex.def 2025/09/29 v5.0o Graphics/color driver for xetex
))
\Gin@req@height=\dimen152
\Gin@req@width=\dimen153
)
LaTeX Encoding Info:    Redeclaring text command \textrhookopeno (encoding TU) 
on input line 3119.
LaTeX Encoding Info:    Redeclaring text command \hbar (encoding TU) on input l
ine 3636.
LaTeX Encoding Info:    Redeclaring text command \textaolig (encoding TU) on in
put line 3729.
)
(/usr/local/texlive/2025/texmf-dist/tex/latex/polyglossia/polyglossia.sty
Package: polyglossia 2025/09/22 v2.8 Modern multilingual typesetting with XeLaT
eX and LuaLaTeX

(/usr/local/texlive/2025/texmf-dist/tex/latex/etoolbox/etoolbox.sty
Package: etoolbox 2025/10/02 v2.5m e-TeX tools for LaTeX (JAW)
\etb@tempcnta=\count295
)
(/usr/local/texlive/2025/texmf-dist/tex/generic/iftex/iftex.sty
Package: iftex 2024/12/12 v1.0g TeX engine tests
)
\l_xpg_alias_keyvals_int=\count296

(/usr/local/texlive/2025/texmf-dist/tex/latex/polyglossia/gloss-latex.ldf
File: gloss-latex.ldf polyglossia: module for default language
))
(/usr/local/texlive/2025/texmf-dist/tex/latex/polyglossia/gloss-french.ldf
File: gloss-french.ldf polyglossia: module for French
\french@openbrackets=\XeTeXcharclass1
\french@closebrackets=\XeTeXcharclass2
\french@questionexclamation=\XeTeXcharclass3
\french@punctthin=\XeTeXcharclass4
\french@punctthick=\XeTeXcharclass5
\french@punctguillstart=\XeTeXcharclass6
\french@punctguillend=\XeTeXcharclass7
)

Package polyglossia Info: Default language is french


(/usr/local/texlive/2025/texmf-dist/tex/latex/csquotes/csquotes.sty
Package: csquotes 2024-04-04 v5.2o context-sensitive quotations (JAW)
\csq@reset=\count297
\csq@gtype=\count298
\csq@glevel=\count299
\csq@qlevel=\count300
\csq@maxlvl=\count301
\csq@tshold=\count302
\csq@ltx@everypar=\toks20

(/usr/local/texlive/2025/texmf-dist/tex/latex/csquotes/csquotes.def
File: csquotes.def 2024-04-04 v5.2o csquotes generic definitions (JAW)
)
Package csquotes Info: Trying to load configuration file 'csquotes.cfg'...
Package csquotes Info: ... configuration file loaded successfully.

(/usr/local/texlive/2025/texmf-dist/tex/latex/csquotes/csquotes.cfg
File: csquotes.cfg 
))
(/usr/local/texlive/2025/texmf-dist/tex/latex/lettrine/lettrine.sty
File: lettrine.sty 2025-01-30 v2.80 (Daniel Flipo)

(/usr/local/texlive/2025/texmf-dist/tex/latex/l3packages/xfp/xfp.sty
Package: xfp 2024-08-16 L3 Floating point unit
)
\c@DefaultLines=\count303
\c@DefaultDepth=\count304
\DefaultFindent=\dimen154
\DefaultNindent=\dimen155
\DefaultSlope=\dimen156
\DiscardVskip=\dimen157
\L@lettrine=\box53
\L@lbox=\box54
\L@tbox=\box55
\c@L@lines=\count305
\c@L@depth=\count306
\L@Pindent=\dimen158
\L@Findent=\dimen159
\L@Nindent=\dimen160
\L@lraise=\dimen161
\L@first=\dimen162
\L@next=\dimen163
\L@slope=\dimen164
\L@height=\dimen165
\L@novskip=\dimen166
\L@target@ht=\dimen167
\L@target@dp=\dimen168
\L@target@tht=\dimen169
\LettrineWidth=\dimen170
\LettrineHeight=\dimen171
\LettrineDepth=\dimen172
\L@finalht=\dimen173
\L@finaldp=\dimen174

Loading lettrine.cfg
(/usr/local/texlive/2025/texmf-dist/tex/latex/lettrine/lettrine.cfg)
\Lettrine@tweaks=\toks21
\Llist@everypar=\toks22
)
(/usr/local/texlive/2025/texmf-dist/tex/latex/biblatex/biblatex.sty
Package: biblatex 2025/07/10 v3.21 programmable bibliographies (PK/MW)

(/usr/local/texlive/2025/texmf-dist/tex/generic/pdftexcmds/pdftexcmds.sty
Package: pdftexcmds 2020-06-27 v0.33 Utility functions of pdfTeX for LuaTeX (HO
)

(/usr/local/texlive/2025/texmf-dist/tex/generic/infwarerr/infwarerr.sty
Package: infwarerr 2019/12/03 v1.5 Providing info/warning/error messages (HO)
)
(/usr/local/texlive/2025/texmf-dist/tex/generic/ltxcmds/ltxcmds.sty
Package: ltxcmds 2023-12-04 v1.26 LaTeX kernel commands for general use (HO)
)
Package pdftexcmds Info: \pdf@primitive is available.
Package pdftexcmds Info: \pdf@ifprimitive is available.
Package pdftexcmds Info: \pdfdraftmode not found.
)
(/usr/local/texlive/2025/texmf-dist/tex/latex/kvoptions/kvoptions.sty
Package: kvoptions 2022-06-15 v3.15 Key value format for package options (HO)

(/usr/local/texlive/2025/texmf-dist/tex/latex/kvsetkeys/kvsetkeys.sty
Package: kvsetkeys 2022-10-05 v1.19 Key value parser (HO)
))
(/usr/local/texlive/2025/texmf-dist/tex/latex/logreq/logreq.sty
Package: logreq 2010/08/04 v1.0 xml request logger
\lrq@indent=\count307

(/usr/local/texlive/2025/texmf-dist/tex/latex/logreq/logreq.def
File: logreq.def 2010/08/04 v1.0 logreq spec v1.0
))
(/usr/local/texlive/2025/texmf-dist/tex/latex/base/ifthen.sty
Package: ifthen 2024/03/16 v1.1e Standard LaTeX ifthen package (DPC)
)
(/usr/local/texlive/2025/texmf-dist/tex/latex/url/url.sty
\Urlmuskip=\muskip17
Package: url 2013/09/16  ver 3.4  Verb mode for urls, etc.
)
\c@tabx@nest=\count308
\c@listtotal=\count309
\c@listcount=\count310
\c@liststart=\count311
\c@liststop=\count312
\c@citecount=\count313
\c@citetotal=\count314
\c@multicitecount=\count315
\c@multicitetotal=\count316
\c@instcount=\count317
\c@maxnames=\count318
\c@minnames=\count319
\c@maxitems=\count320
\c@minitems=\count321
\c@citecounter=\count322
\c@maxcitecounter=\count323
\c@savedcitecounter=\count324
\c@uniquelist=\count325
\c@uniquename=\count326
\c@refsection=\count327
\c@refsegment=\count328
\c@maxextratitle=\count329
\c@maxextratitleyear=\count330
\c@maxextraname=\count331
\c@maxextradate=\count332
\c@maxextraalpha=\count333
\c@abbrvpenalty=\count334
\c@highnamepenalty=\count335
\c@lownamepenalty=\count336
\c@maxparens=\count337
\c@parenlevel=\count338
\blx@tempcnta=\count339
\blx@tempcntb=\count340
\blx@tempcntc=\count341
\c@blx@maxsection=\count342
\blx@maxsegment@0=\count343
\blx@notetype=\count344
\blx@parenlevel@text=\count345
\blx@parenlevel@foot=\count346
\blx@sectionciteorder@0=\count347
\blx@sectionciteorderinternal@0=\count348
\blx@entrysetcounter=\count349
\blx@biblioinstance=\count350
\labelnumberwidth=\skip51
\labelalphawidth=\skip52
\biblabelsep=\skip53
\bibitemsep=\skip54
\bibnamesep=\skip55
\bibinitsep=\skip56
\bibparsep=\skip57
\bibhang=\skip58
\blx@bcfin=\read2
\blx@bcfout=\write3
\blx@langwohyphens=\language90
\c@mincomprange=\count351
\c@maxcomprange=\count352
\c@mincompwidth=\count353
Package biblatex Info: Trying to load biblatex default data model...
Package biblatex Info: ... file 'blx-dm.def' found.

(/usr/local/texlive/2025/texmf-dist/tex/latex/biblatex/blx-dm.def
File: blx-dm.def 2025/07/10 v3.21 biblatex datamodel (PK/MW)
)
Package biblatex Info: Trying to load biblatex style data model...
Package biblatex Info: ... file 'enc.dbx' not found.
Package biblatex Info: Trying to load biblatex custom data model...
Package biblatex Info: ... file 'biblatex-dm.cfg' not found.
\c@afterword=\count354
\c@savedafterword=\count355
\c@annotator=\count356
\c@savedannotator=\count357
\c@author=\count358
\c@savedauthor=\count359
\c@bookauthor=\count360
\c@savedbookauthor=\count361
\c@commentator=\count362
\c@savedcommentator=\count363
\c@editor=\count364
\c@savededitor=\count365
\c@editora=\count366
\c@savededitora=\count367
\c@editorb=\count368
\c@savededitorb=\count369
\c@editorc=\count370
\c@savededitorc=\count371
\c@foreword=\count372
\c@savedforeword=\count373
\c@holder=\count374
\c@savedholder=\count375
\c@introduction=\count376
\c@savedintroduction=\count377
\c@namea=\count378
\c@savednamea=\count379
\c@nameb=\count380
\c@savednameb=\count381
\c@namec=\count382
\c@savednamec=\count383
\c@translator=\count384
\c@savedtranslator=\count385
\c@shortauthor=\count386
\c@savedshortauthor=\count387
\c@shorteditor=\count388
\c@savedshorteditor=\count389
\c@labelname=\count390
\c@savedlabelname=\count391
\c@institution=\count392
\c@savedinstitution=\count393
\c@lista=\count394
\c@savedlista=\count395
\c@listb=\count396
\c@savedlistb=\count397
\c@listc=\count398
\c@savedlistc=\count399
\c@listd=\count400
\c@savedlistd=\count401
\c@liste=\count402
\c@savedliste=\count403
\c@listf=\count404
\c@savedlistf=\count405
\c@location=\count406
\c@savedlocation=\count407
\c@organization=\count408
\c@savedorganization=\count409
\c@origlocation=\count410
\c@savedoriglocation=\count411
\c@origpublisher=\count412
\c@savedorigpublisher=\count413
\c@publisher=\count414
\c@savedpublisher=\count415
\c@language=\count416
\c@savedlanguage=\count417
\c@origlanguage=\count418
\c@savedoriglanguage=\count419
\c@pageref=\count420
\c@savedpageref=\count421
\shorthandwidth=\skip59
\shortjournalwidth=\skip60
\shortserieswidth=\skip61
\shorttitlewidth=\skip62
\shortauthorwidth=\skip63
\shorteditorwidth=\skip64
\locallabelnumberwidth=\skip65
\locallabelalphawidth=\skip66
\localshorthandwidth=\skip67
\localshortjournalwidth=\skip68
\localshortserieswidth=\skip69
\localshorttitlewidth=\skip70
\localshortauthorwidth=\skip71
\localshorteditorwidth=\skip72
Package biblatex Info: Trying to load enhanced support for Unicode engines...
Package biblatex Info: ... file 'blx-unicode.def' found.

(/usr/local/texlive/2025/texmf-dist/tex/latex/biblatex/blx-unicode.def)
Package biblatex Info: Trying to load compatibility code...
Package biblatex Info: ... file 'blx-compat.def' found.

(/usr/local/texlive/2025/texmf-dist/tex/latex/biblatex/blx-compat.def
File: blx-compat.def 2025/07/10 v3.21 biblatex compatibility (PK/MW)
)
Package biblatex Info: Trying to load generic definitions...
Package biblatex Info: ... file 'biblatex.def' found.

(/usr/local/texlive/2025/texmf-dist/tex/latex/biblatex/biblatex.def
File: biblatex.def 2025/07/10 v3.21 biblatex compatibility (PK/MW)
\c@textcitecount=\count422
\c@textcitetotal=\count423
\c@textcitemaxnames=\count424
\c@biburlbigbreakpenalty=\count425
\c@biburlbreakpenalty=\count426
\c@biburlnumpenalty=\count427
\c@biburlucpenalty=\count428
\c@biburllcpenalty=\count429
\biburlbigskip=\muskip18
\biburlnumskip=\muskip19
\biburlucskip=\muskip20
\biburllcskip=\muskip21
\c@smartand=\count430
)
Package biblatex Info: Trying to load bibliography style 'enc'...
Package biblatex Info: ... file 'enc.bbx' found.

(/usr/local/texlive/2025/texmf-dist/tex/latex/biblatex-enc/enc.bbx
File: enc.bbx 
)
Package biblatex Info: Trying to load citation style 'enc'...
Package biblatex Info: ... file 'enc.cbx' found.

(/usr/local/texlive/2025/texmf-dist/tex/latex/biblatex-enc/enc.cbx
File: enc.cbx 
Package biblatex Info: Redefining '\cite'.
Package biblatex Info: Redefining '\textcite'.
Package biblatex Info: Redefining '\parencite'.
Package biblatex Info: Redefining '\footcite'.
Package biblatex Info: Redefining '\smartcites'.
Package biblatex Info: Redefining '\smartcite'.
)
Package biblatex Info: Trying to load configuration file...
Package biblatex Info: ... file 'biblatex.cfg' found.

(/usr/local/texlive/2025/texmf-dist/tex/latex/biblatex/biblatex.cfg
File: biblatex.cfg 
)
Package biblatex Info: XeTeX detected.
(biblatex)             Assuming input encoding 'utf8'.
Package biblatex Info: Document encoding is UTF8 ....
Package biblatex Info: ... and expl3
(biblatex)             2025-09-02 L3 programming layer (loader) 
(biblatex)             is new enough (at least 2020/04/06),
(biblatex)             setting 'casechanger=expl3'.

(/usr/local/texlive/2025/texmf-dist/tex/latex/biblatex/blx-case-expl3.sty
Package: blx-case-expl3 2025/07/10 v3.21 expl3 case changing code for biblatex
))
(/usr/local/texlive/2025/texmf-dist/tex/latex/imakeidx/imakeidx.sty
Package: imakeidx 2016/10/15 v1.3e Package for typesetting indices in a synchro
nous mode

(/usr/local/texlive/2025/texmf-dist/tex/latex/xkeyval/xkeyval.sty
Package: xkeyval 2022/06/16 v2.9 package option processing (HA)

(/usr/local/texlive/2025/texmf-dist/tex/generic/xkeyval/xkeyval.tex
(/usr/local/texlive/2025/texmf-dist/tex/generic/xkeyval/xkvutils.tex
\XKV@toks=\toks23
\XKV@tempa@toks=\toks24
)
\XKV@depth=\count431
File: xkeyval.tex 2014/12/03 v2.7a key=value parser (HA)
))
(/usr/local/texlive/2025/texmf-dist/tex/generic/iftex/ifxetex.sty
Package: ifxetex 2019/10/25 v0.7 ifxetex legacy package. Use iftex instead.
)
(/usr/local/texlive/2025/texmf-dist/tex/generic/iftex/ifluatex.sty
Package: ifluatex 2019/10/25 v1.5 ifluatex legacy package. Use iftex instead.
)
(/usr/local/texlive/2025/texmf-dist/tex/latex/tools/multicol.sty
Package: multicol 2025/05/25 v2.0a multicolumn formatting (FMi)
\c@tracingmulticols=\count432
\mult@box=\box56
\multicol@leftmargin=\dimen175
\c@unbalance=\count433
\c@collectmore=\count434
\doublecol@number=\count435
\multicoltolerance=\count436
\multicolpretolerance=\count437
\full@width=\dimen176
\page@free=\dimen177
\premulticols=\dimen178
\postmulticols=\dimen179
\multicolsep=\skip73
\multicolbaselineskip=\skip74
\partial@page=\box57
\last@line=\box58
\mc@boxedresult=\box59
\maxbalancingoverflow=\dimen180
\mult@rightbox=\box60
\mult@grightbox=\box61
\mult@firstbox=\box62
\mult@gfirstbox=\box63
\@tempa=\box64
\@tempa=\box65
\@tempa=\box66
\@tempa=\box67
\@tempa=\box68
\@tempa=\box69
\@tempa=\box70
\@tempa=\box71
\@tempa=\box72
\@tempa=\box73
\@tempa=\box74
\@tempa=\box75
\@tempa=\box76
\@tempa=\box77
\@tempa=\box78
\@tempa=\box79
\@tempa=\box80
\@tempa=\box81
\@tempa=\box82
\@tempa=\box83
\@tempa=\box84
\@tempa=\box85
\@tempa=\box86
\@tempa=\box87
\@tempa=\box88
\@tempa=\box89
\@tempa=\box90
\@tempa=\box91
\@tempa=\box92
\@tempa=\box93
\@tempa=\box94
\@tempa=\box95
\@tempa=\box96
\@tempa=\box97
\@tempa=\box98
\@tempa=\box99
\c@minrows=\count438
\c@columnbadness=\count439
\c@finalcolumnbadness=\count440
\last@try=\dimen181
\multicolovershoot=\dimen182
\multicolundershoot=\dimen183
\mult@nat@firstbox=\box100
\colbreak@box=\box101
\mc@col@check@num=\count441
\g__mc_curr_col_int=\count442
))
\document_maitre@idxfile=\write4
\openout4 = `document_maitre.idx'.


Writing index file document_maitre.idx
(/usr/local/texlive/2025/texmf-dist/tex/latex/acro/acro.sty
(/usr/local/texlive/2025/texmf-dist/tex/latex/l3packages/l3keys2e/l3keys2e.sty
Package: l3keys2e 2024-08-16 LaTeX2e option processing using LaTeX3 keys
)
Package: acro 2022/04/01 v3.8 typeset acronyms and other abbreviations (CN)
\l__acro_tmpa_int=\count443
\l__acro_tmpb_int=\count444
\l__acro_tmpc_int=\count445
\l__acro_tmpd_int=\count446
Loading module `base' ...
Loading module `interface' ...
Loading module `aux' ...
Loading module `properties' ...
Loading module `acronyms' ...
Loading module `formatting' ...
Loading module `ppfixes' ...
Loading module `tools' ...
\l__acro_minimal_usage_int=\count447
\l__acro_nest_int=\count448
\g_acro_barrier_int=\count449
\g_acro_barrier_total_int=\count450
Loading module `commands' ...
\l_acro_nest_level_int=\count451
Loading module `templates' ...
Loading module `list' ...
Loading module `pages' ...
\l__acro_pages_seq_threshold_int=\count452
Loading module `locale' ...
(/usr/local/texlive/2025/texmf-dist/tex/latex/translations/translations.sty
Package: translations 2022/02/05 v1.12 internationalization of LaTeX2e packages
 (CN)
)
Loading module `pdfsupport' ...
Loading module `patch' ...
Loading module `definitions' ...
Loading module `upgrade' ...
)
==> First Aid for acro.sty applied!
\c@g@acro@abes@int=\count453
\c@g@acro@api@int=\count454
\c@g@acro@ark@int=\count455
\c@g@acro@biu cujas@int=\count456
\c@g@acro@bnf@int=\count457
\c@g@acro@cines@int=\count458
\c@g@acro@did@int=\count459
\c@g@acro@dit@int=\count460
\c@g@acro@sigb@int=\count461
\c@g@acro@dpcn@int=\count462
\c@g@acro@dpre@int=\count463
\c@g@acro@esr@int=\count464
\c@g@acro@html@int=\count465
\c@g@acro@iiif@int=\count466
\c@g@acro@jpeg@int=\count467
\c@g@acro@oai-pmh@int=\count468
\c@g@acro@ocr@int=\count469
\c@g@acro@png@int=\count470
\c@g@acro@pdf@int=\count471
\c@g@acro@rdf@int=\count472
\c@g@acro@rest@int=\count473
\c@g@acro@rgpd@int=\count474
\c@g@acro@rg2a@int=\count475
\c@g@acro@saml@int=\count476
\c@g@acro@seo@int=\count477
\c@g@acro@sic@int=\count478
\c@g@acro@sso@int=\count479
\c@g@acro@sql@int=\count480
\c@g@acro@sudoc@int=\count481
\c@g@acro@tdm@int=\count482
\c@g@acro@tei@int=\count483
\c@g@acro@tiff@int=\count484
\c@g@acro@uri@int=\count485
\c@g@acro@ux@int=\count486
\c@g@acro@wcag@int=\count487
\c@g@acro@xtf@int=\count488
(/usr/local/texlive/2025/texmf-dist/tex/latex/titlesec/titlesec.sty
Package: titlesec 2025/01/04 v2.17 Sectioning titles
\ttl@box=\box102
\beforetitleunit=\skip75
\aftertitleunit=\skip76
\ttl@plus=\dimen184
\ttl@minus=\dimen185
\ttl@toksa=\toks25
\titlewidth=\dimen186
\titlewidthlast=\dimen187
\titlewidthfirst=\dimen188
)
(/usr/local/texlive/2025/texmf-dist/tex/latex/geometry/geometry.sty
Package: geometry 2020/01/02 v5.9 Page Geometry

(/usr/local/texlive/2025/texmf-dist/tex/generic/iftex/ifvtex.sty
Package: ifvtex 2019/10/25 v1.7 ifvtex legacy package. Use iftex instead.
)
\Gm@cnth=\count489
\Gm@cntv=\count490
\c@Gm@tempcnt=\count491
\Gm@bindingoffset=\dimen189
\Gm@wd@mp=\dimen190
\Gm@odd@mp=\dimen191
\Gm@even@mp=\dimen192
\Gm@layoutwidth=\dimen193
\Gm@layoutheight=\dimen194
\Gm@layouthoffset=\dimen195
\Gm@layoutvoffset=\dimen196
\Gm@dimlist=\toks26
)
(/usr/local/texlive/2025/texmf-dist/tex/latex/setspace/setspace.sty
Package: setspace 2022/12/04 v6.7b set line spacing
)
(/usr/local/texlive/2025/texmf-dist/tex/latex/fancyhdr/fancyhdr.sty
Package: fancyhdr 2025/02/07 v5.2 Extensive control of page headers and footers

\f@nch@headwidth=\skip77
\f@nch@offset@elh=\skip78
\f@nch@offset@erh=\skip79
\f@nch@offset@olh=\skip80
\f@nch@offset@orh=\skip81
\f@nch@offset@elf=\skip82
\f@nch@offset@erf=\skip83
\f@nch@offset@olf=\skip84
\f@nch@offset@orf=\skip85
\f@nch@height=\skip86
\f@nch@footalignment=\skip87
\f@nch@widthL=\skip88
\f@nch@widthC=\skip89
\f@nch@widthR=\skip90
\@temptokenb=\toks27
)
(/usr/local/texlive/2025/texmf-dist/tex/latex/hyperref/hyperref.sty
Package: hyperref 2025-07-12 v7.01o Hypertext links for LaTeX

(/usr/local/texlive/2025/texmf-dist/tex/generic/kvdefinekeys/kvdefinekeys.sty
Package: kvdefinekeys 2019-12-19 v1.6 Define keys (HO)
)
(/usr/local/texlive/2025/texmf-dist/tex/generic/pdfescape/pdfescape.sty
Package: pdfescape 2019/12/09 v1.15 Implements pdfTeX's escape features (HO)
)
(/usr/local/texlive/2025/texmf-dist/tex/latex/hycolor/hycolor.sty
Package: hycolor 2020-01-27 v1.10 Color options for hyperref/bookmark (HO)
)
(/usr/local/texlive/2025/texmf-dist/tex/latex/hyperref/nameref.sty
Package: nameref 2025-06-21 v2.57 Cross-referencing by name of section

(/usr/local/texlive/2025/texmf-dist/tex/latex/refcount/refcount.sty
Package: refcount 2019/12/15 v3.6 Data extraction from label references (HO)
)
(/usr/local/texlive/2025/texmf-dist/tex/generic/gettitlestring/gettitlestring.s
ty
Package: gettitlestring 2019/12/15 v1.6 Cleanup title references (HO)
)
\c@section@level=\count492
) (/usr/local/texlive/2025/texmf-dist/tex/generic/stringenc/stringenc.sty
Package: stringenc 2019/11/29 v1.12 Convert strings between diff. encodings (HO
)
)
\@linkdim=\dimen197
\Hy@linkcounter=\count493
\Hy@pagecounter=\count494

(/usr/local/texlive/2025/texmf-dist/tex/latex/hyperref/pd1enc.def
File: pd1enc.def 2025-07-12 v7.01o Hyperref: PDFDocEncoding definition (HO)
)
(/usr/local/texlive/2025/texmf-dist/tex/generic/intcalc/intcalc.sty
Package: intcalc 2019/12/15 v1.3 Expandable calculations with integers (HO)
)
\Hy@SavedSpaceFactor=\count495

(/usr/local/texlive/2025/texmf-dist/tex/latex/hyperref/puenc.def
File: puenc.def 2025-07-12 v7.01o Hyperref: PDF Unicode definition (HO)

(/usr/local/texlive/2025/texmf-dist/tex/latex/greek-fontenc/puenc-greek.def
File: puenc-greek.def 2023-09-12 2.5 Greek LICRs for PDF strings

(/usr/local/texlive/2025/texmf-dist/tex/latex/greek-fontenc/greek-fontenc.def
File: greek-fontenc.def 2023-09-12 2.5 Common Greek font encoding definitions
)
LaTeX Encoding Info:    Redeclaring text command \textmu (encoding PU) on input
 line 179.
)
LaTeX Encoding Info:    Redeclaring text command \textohm (encoding PU) on inpu
t line 1176.
)
Package hyperref Info: Option `colorlinks' set `false' on input line 4066.
Package hyperref Info: Option `breaklinks' set `true' on input line 4066.
Package hyperref Info: Option `pdfusetitle' set `true' on input line 4066.
Package hyperref Info: Hyper figures OFF on input line 4195.
Package hyperref Info: Link nesting OFF on input line 4200.
Package hyperref Info: Hyper index ON on input line 4203.
Package hyperref Info: Plain pages OFF on input line 4210.
Package hyperref Info: Backreferencing OFF on input line 4215.
Package hyperref Info: Implicit mode ON; LaTeX internals redefined.
Package hyperref Info: Bookmarks ON on input line 4462.
\c@Hy@tempcnt=\count496
LaTeX Info: Redefining \url on input line 4801.
\XeTeXLinkMargin=\dimen198
 (/usr/local/texlive/2025/texmf-dist/tex/generic/bitset/bitset.sty
Package: bitset 2019/12/09 v1.3 Handle bit-vector datatype (HO)

(/usr/local/texlive/2025/texmf-dist/tex/generic/bigintcalc/bigintcalc.sty
Package: bigintcalc 2019/12/15 v1.5 Expandable calculations on big integers (HO
)
))
\Fld@menulength=\count497
\Field@Width=\dimen199
\Fld@charsize=\dimen256
Package hyperref Info: Hyper figures OFF on input line 6078.
Package hyperref Info: Link nesting OFF on input line 6083.
Package hyperref Info: Hyper index ON on input line 6086.
Package hyperref Info: backreferencing OFF on input line 6093.
Package hyperref Info: Link coloring OFF on input line 6098.
Package hyperref Info: Link coloring with OCG OFF on input line 6103.
Package hyperref Info: PDF/A mode OFF on input line 6108.
\Hy@abspage=\count498
\c@Item=\count499
\c@Hfootnote=\count500
)
Package hyperref Info: Driver (autodetected): hxetex.

(/usr/local/texlive/2025/texmf-dist/tex/latex/hyperref/hxetex.def
File: hxetex.def 2025-07-12 v7.01o Hyperref driver for XeTeX
\pdfm@box=\box103
\c@Hy@AnnotLevel=\count501
\HyField@AnnotCount=\count502
\Fld@listcount=\count503
\c@bookmark@seq@number=\count504

(/usr/local/texlive/2025/texmf-dist/tex/latex/rerunfilecheck/rerunfilecheck.sty
Package: rerunfilecheck 2025-06-21 v1.11 Rerun checks for auxiliary files (HO)

(/usr/local/texlive/2025/texmf-dist/tex/generic/uniquecounter/uniquecounter.sty
Package: uniquecounter 2019/12/15 v1.4 Provide unlimited unique counter (HO)
)
Package uniquecounter Info: New unique counter `rerunfilecheck' on input line 2
84.
)
\Hy@SectionHShift=\skip91
) (/usr/local/texlive/2025/texmf-dist/tex/latex/bookmark/bookmark.sty
Package: bookmark 2023-12-10 v1.31 PDF bookmarks (HO)

(/usr/local/texlive/2025/texmf-dist/tex/latex/bookmark/bkm-dvipdfm.def
File: bkm-dvipdfm.def 2023-12-10 v1.31 bookmark driver for dvipdfm (HO)
\BKM@id=\count505
))
(/usr/local/texlive/2025/texmf-dist/tex/latex/xurl/xurl.sty
Package: xurl 2022/01/09 v 0.10 modify URL breaks

xurl: Set penalties for biblatex
) (/usr/local/texlive/2025/texmf-dist/tex/latex/glossaries/base/glossaries.sty
Package: glossaries 2025/08/11 v4.8 (NLCT)

(/usr/local/texlive/2025/texmf-dist/tex/latex/mfirstuc/mfirstuc.sty
Package: mfirstuc 2025/04/03 v2.09 (NLCT)
\@glsmfirst=\toks28
\@glsmrest=\toks29
)
(/usr/local/texlive/2025/texmf-dist/tex/latex/xfor/xfor.sty
Package: xfor 2009/02/05 v1.05 (NLCT)
)
(/usr/local/texlive/2025/texmf-dist/tex/latex/amsmath/amsgen.sty
File: amsgen.sty 1999/11/30 v2.0 generic functions
\@emptytoks=\toks30
\ex@=\dimen257
)
(/usr/local/texlive/2025/texmf-dist/tex/latex/tracklang/tracklang.sty
Package: tracklang 2025/03/11 v1.6.6 (NLCT) Track Languages

(/usr/local/texlive/2025/texmf-dist/tex/generic/tracklang/tracklang.tex)
Package tracklang Info: Tracking dialect `france' (language `french') on input 
line 264.
)
(/usr/local/texlive/2025/texmf-dist/tex/latex/glossaries-french/glossaries-fren
ch.ldf
File: glossaries-french.ldf 2016/12/12 v1.1
)
(/usr/local/texlive/2025/texmf-dist/tex/latex/datatool/datatool-base.sty
Package: datatool-base 2025/04/25 v3.4.1 (NLCT)

(/usr/local/texlive/2025/texmf-dist/tex/latex/amsmath/amsmath.sty
Package: amsmath 2025/06/16 v2.17y AMS math features
\@mathmargin=\skip92

For additional information on amsmath, use the `?' option.
(/usr/local/texlive/2025/texmf-dist/tex/latex/amsmath/amstext.sty
Package: amstext 2024/11/17 v2.01 AMS text
)
(/usr/local/texlive/2025/texmf-dist/tex/latex/amsmath/amsbsy.sty
Package: amsbsy 1999/11/29 v1.2d Bold Symbols
\pmbraise@=\dimen258
)
(/usr/local/texlive/2025/texmf-dist/tex/latex/amsmath/amsopn.sty
Package: amsopn 2022/04/08 v2.04 operator names
)
\inf@bad=\count506
LaTeX Info: Redefining \frac on input line 233.
\uproot@=\count507
\leftroot@=\count508
LaTeX Info: Redefining \overline on input line 398.
LaTeX Info: Redefining \colon on input line 409.
\classnum@=\count509
\DOTSCASE@=\count510
LaTeX Info: Redefining \ldots on input line 495.
LaTeX Info: Redefining \dots on input line 498.
LaTeX Info: Redefining \cdots on input line 619.
\Mathstrutbox@=\box104
\strutbox@=\box105
LaTeX Info: Redefining \big on input line 721.
LaTeX Info: Redefining \Big on input line 722.
LaTeX Info: Redefining \bigg on input line 723.
LaTeX Info: Redefining \Bigg on input line 724.
\big@size=\dimen259
LaTeX Font Info:    Redeclaring font encoding OML on input line 742.
LaTeX Font Info:    Redeclaring font encoding OMS on input line 743.
\macc@depth=\count511
LaTeX Info: Redefining \bmod on input line 904.
LaTeX Info: Redefining \pmod on input line 909.
LaTeX Info: Redefining \smash on input line 939.
LaTeX Info: Redefining \relbar on input line 969.
LaTeX Info: Redefining \Relbar on input line 970.
\c@MaxMatrixCols=\count512
\dotsspace@=\muskip22
\c@parentequation=\count513
\dspbrk@lvl=\count514
\tag@help=\toks31
\row@=\count515
\column@=\count516
\maxfields@=\count517
\andhelp@=\toks32
\eqnshift@=\dimen260
\alignsep@=\dimen261
\tagshift@=\dimen262
\tagwidth@=\dimen263
\totwidth@=\dimen264
\lineht@=\dimen265
\@envbody=\toks33
\multlinegap=\skip93
\multlinetaggap=\skip94
\mathdisplay@stack=\toks34
LaTeX Info: Redefining \[ on input line 2949.
LaTeX Info: Redefining \] on input line 2950.
)
(/usr/local/texlive/2025/texmf-dist/tex/latex/datatool/datatool-l3fp.def
File: datatool-l3fp.def 2025/04/25 v3.4.1 (NLCT)
)
\@dtl@toks=\toks35
\@dtl@tmpcount=\count518
\dtl@tmplength=\skip95
\l__datatool_measure_box=\box106
\dtl@sortresult=\count519

(/usr/local/texlive/2025/texmf-dist/tex/latex/datatool/datatool-utf8.ldf
File: datatool-utf8.ldf 2025/04/25 v3.4.1 (NLCT)
)
\@dtl@datatype=\count520
\l__datatool_tmpa_int=\count521
\l__datatool_tmpb_int=\count522
\l__datatool_tmpc_int=\count523
\l__datatool_tmpd_int=\count524
\l__datatool_count_int=\count525
\l__datatool_tmp_datatype_int=\count526
\l__datatool_tmpa_dim=\dimen266
\l__datatool_tmpb_dim=\dimen267
\c_datatool_unknown_int=\count527
\l__datatool_year_int=\count528
\l__datatool_month_int=\count529
\l__datatool_day_int=\count530
\l__datatool_hour_int=\count531
\l__datatool_minute_int=\count532
\l__datatool_second_int=\count533
\l__datatool_tzhour_int=\count534
\l__datatool_tzminute_int=\count535
\l__datatool_julian_int=\count536
\l__datatool_local_julian_int=\count537
\l__datatool_prefix_int=\count538
\l__datatool_suffix_int=\count539
\@dtl@foreach@level=\count540


Package tracklang Warning: No `datatool' support for dialect `france'  on input
 line 9908.


Package tracklang Warning: No `datatool' support for dialect `france'  on input
 line 9908.

\dtl@codeA=\count541
\dtl@codeB=\count542
)
\gls@level=\count543
\@gls@tmpb=\toks36
\gls@tmplen=\skip96
\l__glossaries_tmpa_dim=\dimen268
\l__glossaries_tmpb_dim=\dimen269
\glskeylisttok=\toks37
\glslabeltok=\toks38
\glsshorttok=\toks39
\glslongtok=\toks40

(/usr/local/texlive/2025/texmf-dist/tex/latex/glossaries/styles/glossary-hypern
av.sty
Package: glossary-hypernav 2025/08/11 v4.8 (NLCT)
)
(/usr/local/texlive/2025/texmf-dist/tex/latex/glossaries/styles/glossary-list.s
ty
Package: glossary-list 2025/08/11 v4.8 (NLCT)
\glslistdottedwidth=\skip97
)
(/usr/local/texlive/2025/texmf-dist/tex/latex/glossaries/styles/glossary-long.s
ty
Package: glossary-long 2025/08/11 v4.8 (NLCT)
 (/usr/local/texlive/2025/texmf-dist/tex/latex/tools/longtable.sty
Package: longtable 2024-12-18 v4.23 Multi-page Table package (DPC)
\LTleft=\skip98
\LTright=\skip99
\LTpre=\skip100
\LTpost=\skip101
\LTchunksize=\count544
\LTcapwidth=\dimen270
\LT@head=\box107
\LT@firsthead=\box108
\LT@foot=\box109
\LT@lastfoot=\box110
\LT@gbox=\box111
\LT@cols=\count545
\LT@rows=\count546
\c@LT@tables=\count547
\c@LT@chunks=\count548
\LT@p@ftn=\toks41
)
\glsdescwidth=\skip102
\glspagelistwidth=\skip103
)
(/usr/local/texlive/2025/texmf-dist/tex/latex/glossaries/styles/glossary-super.
sty
Package: glossary-super 2025/08/11 v4.8 (NLCT)
 (/usr/local/texlive/2025/texmf-dist/tex/latex/supertabular/supertabular.sty
Package: supertabular 2024/07/20 v4.2c the supertabular environment
\c@tracingst=\count549
\ST@wd=\dimen271
\ST@rightskip=\skip104
\ST@leftskip=\skip105
\ST@parfillskip=\skip106
\ST@pageleft=\dimen272
\ST@headht=\dimen273
\ST@tailht=\dimen274
\ST@pagesofar=\dimen275
\ST@pboxht=\dimen276
\ST@rowht=\dimen277
\ST@prevht=\dimen278
\ST@toadd=\dimen279
\ST@dimen=\dimen280
\ST@pbox=\box112
))
(/usr/local/texlive/2025/texmf-dist/tex/latex/glossaries/styles/glossary-tree.s
ty
Package: glossary-tree 2025/08/11 v4.8 (NLCT)
\l__glossaries_tree_max_known_level_int=\count550
\l__glossaries_tree_offset_dim=\dimen281
\l__glossaries_tree_namewidth_dim=\dimen282
\l__glossaries_tree_symbolwidth_dim=\dimen283
\l__glossaries_tree_prenamesym_width_dim=\dimen284
\l__glossaries_tree_presubnamesym_width_dim=\dimen285
\l__glossaries_tree_namewidth_padding_dim=\dimen286
\l__glossaries_tree_symbolwidth_padding_dim=\dimen287
\l__glossaries_tree_namesymbolwidth_dim=\dimen288
\l__glossaries_tree_namesymbolwidth_padding_dim=\dimen289
\l__glossaries_tree_level_int=\count551
\glstreeindent=\skip107
))
\glswrite=\write5
\glo@main@file=\write6
\openout6 = `document_maitre.glo'.

Package glossaries Info: Writing glossary file document_maitre.glo on input lin
e 187.
 (./glossaire.tex)
(/usr/local/texlive/2025/texmf-dist/tex/latex/tabularray/tabularray.sty
Package: tabularray 2025-08-29 v2025B Typeset tabulars and arrays with LaTeX3
\l__tblr_a_int=\count552
\l__tblr_c_int=\count553
\l__tblr_r_int=\count554
\l__tblr_d_dim=\dimen290
\l__tblr_h_dim=\dimen291
\l__tblr_o_dim=\dimen292
\l__tblr_p_dim=\dimen293
\l__tblr_q_dim=\dimen294
\l__tblr_r_dim=\dimen295
\l__tblr_s_dim=\dimen296
\l__tblr_t_dim=\dimen297
\l__tblr_v_dim=\dimen298
\l__tblr_w_dim=\dimen299
\l__tblr_a_box=\box113
\l__tblr_b_box=\box114
\l__tblr_c_box=\box115
\l__tblr_d_box=\box116
\c@tblrcount=\count555
\c@rownum=\count556
\c@colnum=\count557
\c@rowcount=\count558
\c@colcount=\count559
\abovesep=\dimen300
\belowsep=\dimen301
\leftsep=\dimen302
\rightsep=\dimen303
\gTblrLevelInt=\count560
\g__tblr_data_row_key_count_int=\count561
\g__tblr_data_column_key_count_int=\count562
\g__tblr_data_cell_key_count_int=\count563
\g__tblr_array_int=\count564
\l__tblr_key_count_int=\count565
\l__tblr_key_quotient_int=\count566
\l__tblr_key_quotient_two_int=\count567
\l__tblr_key_remainder_int=\count568
\g__tblr_data_str_value_count_int=\count569
\lTblrChildTotalInt=\count570
\lTblrChildHtotalInt=\count571
\lTblrChildVtotalInt=\count572
\l__child_diff_h_int=\count573
\l__child_diff_v_int=\count574
\l__child_sign_h_int=\count575
\l__child_sign_v_int=\count576
\l__child_step_int=\count577
\lTblrDefaultHruleWidthDim=\dimen304
\lTblrDefaultVruleWidthDim=\dimen305
\l__tblr_split_balance_int=\count578
\l__tblr_strut_dp_dim=\dimen306
\l__tblr_strut_ht_dim=\dimen307
\g__tblr_cell_wd_dim=\dimen308
\g__tblr_cell_ht_dim=\dimen309
\g__tblr_cell_head_dim=\dimen310
\g__tblr_cell_foot_dim=\dimen311
\l__tblr_measured_cell_box=\box117
\g__tblr_last_box=\box118
\l__tblr_temp_box=\box119
\l__tblr_column_target_dim=\dimen312
\l__tblr_hfuzz_dim=\dimen313
\l__tblr_caption_box=\box120
\l__tblr_caption_left_box=\box121
\lTblrRowHeadInt=\count579
\lTblrRowFootInt=\count580
\l__tblr_row_head_box=\box122
\l__tblr_row_foot_box=\box123
\l__tblr_row_head_foot_dim=\dimen314
\lTblrTableWidthDim=\dimen315
\l__tblr_table_firsthead_box=\box124
\l__tblr_table_middlehead_box=\box125
\l__tblr_table_lasthead_box=\box126
\l__tblr_table_firstfoot_box=\box127
\l__tblr_table_middlefoot_box=\box128
\l__tblr_table_lastfoot_box=\box129
\l__tblr_remain_height_dim=\dimen316
\l__tblr_long_from_int=\count581
\l__tblr_long_to_int=\count582
\l__tblr_curr_i_int=\count583
\l__tblr_prev_i_int=\count584
\lTblrTablePageInt=\count585
\l__tblr_table_head_box=\box130
\l__tblr_table_foot_box=\box131
\l__tblr_table_head_foot_dim=\dimen317
\l__tblr_table_head_body_foot_dim=\dimen318
\l__tblr_table_box=\box132
\lTblrRowFirstInt=\count586
\lTblrRowLastInt=\count587
\l__tblr_table_hlines_box=\box133
\l__tblr_hline_box=\box134
\l__tblr_row_box=\box135
\l__tblr_col_o_wd_dim=\dimen319
\l__tblr_col_b_wd_dim=\dimen320
\l__tblr_hline_leftskip_dim=\dimen321
\l__tblr_hline_rightskip_dim=\dimen322
\l__tblr_row_ht_dim=\dimen323
\l__tblr_row_dp_dim=\dimen324
\l__tblr_row_abovesep_dim=\dimen325
\l__tblr_row_belowsep_dim=\dimen326
\l__tblr_row_vlines_box=\box136
\l__tblr_vline_box=\box137
\l__tblr_cell_box=\box138
\l__tblr_row_upper_dim=\dimen327
\l__tblr_row_lower_dim=\dimen328
\l__tblr_row_vpace_dim=\dimen329
\l__tblr_vline_aboveskip_dim=\dimen330
\l__tblr_vline_belowskip_dim=\dimen331
\lTblrCellRowSpanInt=\count588
\lTblrCellColSpanInt=\count589
\l__tblr_cell_wd_dim=\dimen332
\l__tblr_cell_ht_dim=\dimen333
\lTblrCellAboveBorderWidthDim=\dimen334
\lTblrCellBelowBorderWidthDim=\dimen335
\lTblrCellLeftBorderWidthDim=\dimen336
\lTblrCellRightBorderWidthDim=\dimen337
\l__tblr_diag_box=\box139
\l__tblr_cell_inner_wd_dim=\dimen338
\l__tblr_cell_inner_dp_dim=\dimen339
\l__tblr_cell_hanchor_dim=\dimen340
\l__tblr_last_cell_table_ht_dim=\dimen341
\l__tblr_last_cell_table_dp_dim=\dimen342
\l__tblr_last_vline_wd_dim=\dimen343
\l__tblr_tikz_node_box=\box140
)
(/usr/local/texlive/2025/texmf-dist/tex/latex/float/float.sty
Package: float 2001/11/08 v1.3d Float enhancements (AL)
\c@float@type=\count590
\float@exts=\toks42
\float@box=\box141
\@float@everytoks=\toks43
\@floatcapt=\box142
)
(/usr/local/texlive/2025/texmf-dist/tex/generic/ulem/ulem.sty
\UL@box=\box143
\UL@hyphenbox=\box144
\UL@skip=\skip108
\UL@hook=\toks44
\UL@height=\dimen344
\UL@pe=\count591
\UL@pixel=\dimen345
\ULC@box=\box145
Package: ulem 2019/11/18
\ULdepth=\dimen346
)
Package csquotes Info: Checking for multilingual support...
Package csquotes Info: ... found 'polyglossia' package.
Package csquotes Info: Adjusting default style.
Package csquotes Info: Redefining alias 'default' -> 'french'.

(./document_maitre.aux)
\openout1 = `document_maitre.aux'.

LaTeX Font Info:    Checking defaults for OML/cmm/m/it on input line 214.
LaTeX Font Info:    ... okay on input line 214.
LaTeX Font Info:    Checking defaults for OMS/cmsy/m/n on input line 214.
LaTeX Font Info:    ... okay on input line 214.
LaTeX Font Info:    Checking defaults for OT1/cmr/m/n on input line 214.
LaTeX Font Info:    ... okay on input line 214.
LaTeX Font Info:    Checking defaults for T1/cmr/m/n on input line 214.
LaTeX Font Info:    ... okay on input line 214.
LaTeX Font Info:    Checking defaults for TS1/cmr/m/n on input line 214.
LaTeX Font Info:    ... okay on input line 214.
LaTeX Font Info:    Checking defaults for TU/lmr/m/n on input line 214.
LaTeX Font Info:    ... okay on input line 214.
LaTeX Font Info:    Checking defaults for OMX/cmex/m/n on input line 214.
LaTeX Font Info:    ... okay on input line 214.
LaTeX Font Info:    Checking defaults for U/cmr/m/n on input line 214.
LaTeX Font Info:    ... okay on input line 214.
LaTeX Font Info:    Checking defaults for T3/cmr/m/n on input line 214.
LaTeX Font Info:    Trying to load font information for T3+cmr on input line 21
4.

(/usr/local/texlive/2025/texmf-dist/tex/latex/tipa/t3cmr.fd
File: t3cmr.fd 2001/12/31 TIPA font definitions
)
LaTeX Font Info:    ... okay on input line 214.
LaTeX Font Info:    Checking defaults for PD1/pdf/m/n on input line 214.
LaTeX Font Info:    ... okay on input line 214.
LaTeX Font Info:    Checking defaults for PU/pdf/m/n on input line 214.
LaTeX Font Info:    ... okay on input line 214.

Package fontspec Info: 
(fontspec)             Adjusting the maths setup (use [no-math] to avoid
(fontspec)             this).

\symlegacymaths=\mathgroup4
LaTeX Font Info:    Overwriting symbol font `legacymaths' in version `bold'
(Font)                  OT1/cmr/m/n --> OT1/cmr/bx/n on input line 214.
LaTeX Font Info:    Redeclaring math accent \acute on input line 214.
LaTeX Font Info:    Redeclaring math accent \grave on input line 214.
LaTeX Font Info:    Redeclaring math accent \ddot on input line 214.
LaTeX Font Info:    Redeclaring math accent \tilde on input line 214.
LaTeX Font Info:    Redeclaring math accent \bar on input line 214.
LaTeX Font Info:    Redeclaring math accent \breve on input line 214.
LaTeX Font Info:    Redeclaring math accent \check on input line 214.
LaTeX Font Info:    Redeclaring math accent \hat on input line 214.
LaTeX Font Info:    Redeclaring math accent \dot on input line 214.
LaTeX Font Info:    Redeclaring math accent \mathring on input line 214.
LaTeX Font Info:    Redeclaring math symbol \Gamma on input line 214.
LaTeX Font Info:    Redeclaring math symbol \Delta on input line 214.
LaTeX Font Info:    Redeclaring math symbol \Theta on input line 214.
LaTeX Font Info:    Redeclaring math symbol \Lambda on input line 214.
LaTeX Font Info:    Redeclaring math symbol \Xi on input line 214.
LaTeX Font Info:    Redeclaring math symbol \Pi on input line 214.
LaTeX Font Info:    Redeclaring math symbol \Sigma on input line 214.
LaTeX Font Info:    Redeclaring math symbol \Upsilon on input line 214.
LaTeX Font Info:    Redeclaring math symbol \Phi on input line 214.
LaTeX Font Info:    Redeclaring math symbol \Psi on input line 214.
LaTeX Font Info:    Redeclaring math symbol \Omega on input line 214.
LaTeX Font Info:    Redeclaring math symbol \mathdollar on input line 214.
LaTeX Font Info:    Redeclaring symbol font `operators' on input line 214.
LaTeX Font Info:    Encoding `OT1' has changed to `TU' for symbol font
(Font)              `operators' in the math version `normal' on input line 214.

LaTeX Font Info:    Overwriting symbol font `operators' in version `normal'
(Font)                  OT1/cmr/m/n --> TU/lmr/m/n on input line 214.
LaTeX Font Info:    Encoding `OT1' has changed to `TU' for symbol font
(Font)              `operators' in the math version `bold' on input line 214.
LaTeX Font Info:    Overwriting symbol font `operators' in version `bold'
(Font)                  OT1/cmr/bx/n --> TU/lmr/m/n on input line 214.
LaTeX Font Info:    Overwriting symbol font `operators' in version `normal'
(Font)                  TU/lmr/m/n --> TU/lmr/m/n on input line 214.
LaTeX Font Info:    Overwriting math alphabet `\mathit' in version `normal'
(Font)                  OT1/cmr/m/it --> TU/lmr/m/it on input line 214.
LaTeX Font Info:    Overwriting math alphabet `\mathbf' in version `normal'
(Font)                  OT1/cmr/bx/n --> TU/lmr/b/n on input line 214.
LaTeX Font Info:    Overwriting math alphabet `\mathsf' in version `normal'
(Font)                  OT1/cmss/m/n --> TU/lmss/m/n on input line 214.
LaTeX Font Info:    Overwriting math alphabet `\mathtt' in version `normal'
(Font)                  OT1/cmtt/m/n --> TU/lmtt/m/n on input line 214.
LaTeX Font Info:    Overwriting symbol font `operators' in version `bold'
(Font)                  TU/lmr/m/n --> TU/lmr/b/n on input line 214.
LaTeX Font Info:    Overwriting math alphabet `\mathit' in version `bold'
(Font)                  OT1/cmr/bx/it --> TU/lmr/b/it on input line 214.
LaTeX Font Info:    Overwriting math alphabet `\mathsf' in version `bold'
(Font)                  OT1/cmss/bx/n --> TU/lmss/b/n on input line 214.
LaTeX Font Info:    Overwriting math alphabet `\mathtt' in version `bold'
(Font)                  OT1/cmtt/m/n --> TU/lmtt/b/n on input line 214.
Package biblatex Info: Trying to load language 'french'...
Package biblatex Info: ... file 'french.lbx' found.

(/usr/local/texlive/2025/texmf-dist/tex/latex/biblatex/lbx/french.lbx
File: french.lbx 2025/07/10 v3.21 biblatex localization (PK/MW)
)
Package biblatex Info: XeTeX detected.
(biblatex)             Assuming input encoding 'utf8'.
Package biblatex Info: Automatic encoding selection.
(biblatex)             Assuming data encoding 'utf8'.
\openout3 = `document_maitre.bcf'.

Package biblatex Info: Trying to load bibliographic data...
Package biblatex Info: ... file 'document_maitre.bbl' found.

(./document_maitre.bbl)
Package biblatex Info: Reference section=0 on input line 214.
Package biblatex Info: Reference segment=0 on input line 214.

*geometry* driver: auto-detecting
*geometry* detected driver: xetex
*geometry* verbose mode - [ preamble ] result:
* driver: xetex
* paper: <default>
* layout: <same size as paper>
* layoutoffset:(h,v)=(0.0pt,0.0pt)
* modes: twoside 
* h-part:(L,W,R)=(71.13188pt, 472.03123pt, 71.13188pt)
* v-part:(T,H,B)=(71.13188pt, 652.70622pt, 71.13188pt)
* \paperwidth=614.295pt
* \paperheight=794.96999pt
* \textwidth=472.03123pt
* \textheight=652.70622pt
* \oddsidemargin=-1.1381pt
* \evensidemargin=-1.1381pt
* \topmargin=-33.0119pt
* \headheight=16.0pt
* \headsep=19.8738pt
* \topskip=12.0pt
* \footskip=30.0pt
* \marginparwidth=98.0pt
* \marginparsep=7.0pt
* \columnsep=10.0pt
* \skip\footins=10.8pt plus 4.0pt minus 2.0pt
* \hoffset=0.0pt
* \voffset=0.0pt
* \mag=1000
* \@twocolumnfalse
* \@twosidetrue
* \@mparswitchtrue
* \@reversemarginfalse
* (1in=72.27pt=25.4mm, 1cm=28.453pt)

Package hyperref Info: Link coloring OFF on input line 214.


[1

\openout5 = `document_maitre.ist'.


]

[2

]
Package lettrine.sty Info: Targeted height = 24.16246pt
(lettrine.sty)             (for loversize=0, accent excluded),
(lettrine.sty)             Lettrine height = 31.66232pt (À);
(lettrine.sty)             reported on input line 279.

Underfull \hbox (badness 10000) in paragraph at lines 279--280

 []



[1


]

[2

]
Package lettrine.sty Info: Targeted height = 24.16246pt
(lettrine.sty)             (for loversize=0, accent excluded),
(lettrine.sty)             Lettrine height = 24.16241pt (M);
(lettrine.sty)             reported on input line 292.


[3

]

[4

] (./introduction.tex

[5

]

[6

]
Package lettrine.sty Info: Targeted height = 24.16246pt
(lettrine.sty)             (for loversize=0, accent excluded),
(lettrine.sty)             Lettrine height = 24.16241pt (D);
(lettrine.sty)             reported on input line 8.


[7]

[8])

[9]

[10

]

[1


]

[2] (./chapitre_1.tex
Chapitre 1.
Package lettrine.sty Info: Targeted height = 24.16246pt
(lettrine.sty)             (for loversize=0, accent excluded),
(lettrine.sty)             Lettrine height = 25.01146pt (A);
(lettrine.sty)             reported on input line 3.
(./chapitre_1.1.tex

[3

])

[4] (./chapitre_1.2.tex

[5]

[6]) (./chapitre_1.3.tex

[7]

[8])) (./chapitre_2.tex

[9]

[10

]
Chapitre 2.
Package lettrine.sty Info: Targeted height = 24.16246pt
(lettrine.sty)             (for loversize=0, accent excluded),
(lettrine.sty)             Lettrine height = 24.16241pt (L);
(lettrine.sty)             reported on input line 3.
(./chapitre_2.1.tex

[11]

[12]) (./chapitre_2.2.tex

[13]

[14]) (./chapitre_2.3.tex

[15]

[16]) (./chapitre_2.4.tex
Overfull \hbox (0.79065pt too wide) in paragraph at lines 1--1
|[]\TU/lmr/bx/n/17.28 L’indexation Hauville : adapter le langage RAMEAU
 []



[17]

[18])) (./chapitre_3.tex

[19]

[20

]
Chapitre 3.
Package lettrine.sty Info: Targeted height = 24.16246pt
(lettrine.sty)             (for loversize=0, accent excluded),
(lettrine.sty)             Lettrine height = 31.66232pt (À);
(lettrine.sty)             reported on input line 3.
(./chapitre_3.1.tex

[21]

[22]) (./chapitre_3.2.tex

[23]

[24]

[25]) (./chapitre_3.3.tex

[26]

[27]

[28]

[29]))

[30]

[31

]

[32] (./chapitre_4.tex
Chapitre 4.
Package lettrine.sty Info: Targeted height = 24.16246pt
(lettrine.sty)             (for loversize=0, accent excluded),
(lettrine.sty)             Lettrine height = 24.16241pt (L);
(lettrine.sty)             reported on input line 3.
(./chapitre_4.1.tex

[33

]

[34]

[35]

[36]) (./chapitre_4.2.tex

[37]

[38]

[39]

[40]) (./chapitre_4.3.tex

[41]

[42]

[43]

[44])) (./chapitre_5.tex

[45]

[46

]
Chapitre 5.
Package lettrine.sty Info: Targeted height = 24.16246pt
(lettrine.sty)             (for loversize=0, accent excluded),
(lettrine.sty)             Lettrine height = 24.16241pt (L);
(lettrine.sty)             reported on input line 3.
(./chapitre_5.1.tex

[47]) (./chapitre_5.2.tex

[48]

[49]) (./chapitre_5.3.tex

[50]

[51]) (./chapitre_5.4.tex

[52]

[53]))

[54]

[55

]

[56] (./chapitre_6.tex
Chapitre 6.
Package lettrine.sty Info: Targeted height = 24.16246pt
(lettrine.sty)             (for loversize=0, accent excluded),
(lettrine.sty)             Lettrine height = 24.16241pt (L);
(lettrine.sty)             reported on input line 2.
(./chapitre_6.1.tex

[57

]

[58]

[59]

[60]

[61]) (./chapitre_6.2.tex

[62]

[63]) (./chapitre_6.3.tex

[64])) (./chapitre_7.tex

[65]

[66

]
Chapitre 7.
Package lettrine.sty Info: Targeted height = 24.16246pt
(lettrine.sty)             (for loversize=0, accent excluded),
(lettrine.sty)             Lettrine height = 24.16241pt (L);
(lettrine.sty)             reported on input line 3.
(./chapitre_7.1.tex

[67]

[68]) (./chapitre_7.2.tex

[69]

[70]) (./chapitre_7.3.tex

[71])) (./chapitre_8.tex

[72]

[73]

[74

]
Chapitre 8.
Package lettrine.sty Info: Targeted height = 24.16246pt
(lettrine.sty)             (for loversize=0, accent excluded),
(lettrine.sty)             Lettrine height = 24.16241pt (L);
(lettrine.sty)             reported on input line 3.
(./chapitre_8.1.tex

[75]
Overfull \hbox (2.11258pt too wide) in paragraph at lines 14--15
\TU/lmr/m/n/12 office collaboratif et administrable par le métier au centre de 
son architecture. C’était d’ailleurs
 []



[76]) (./chapitre_8.2.tex

[77]

[78])) (./conclusion.tex

[79]

[80

]
Package lettrine.sty Info: Targeted height = 24.16246pt
(lettrine.sty)             (for loversize=0, accent excluded),
(lettrine.sty)             Lettrine height = 25.01146pt (A);
(lettrine.sty)             reported on input line 3.


[81]

[82])

[83]

[84

]

[85

]

[86] (./annexe_A_rapport_audit.tex
Annexe A.
Missing character: There is no   (U+202F) in font [lmroman12-regular]:mapping=t
ex-text;!
Missing character: There is no   (U+202F) in font [lmroman12-regular]:mapping=t
ex-text;!


[87

]
Missing character: There is no   (U+202F) in font [lmroman12-regular]:mapping=t
ex-text;!
Missing character: There is no   (U+202F) in font [lmroman12-regular]:mapping=t
ex-text;!
Missing character: There is no   (U+202F) in font [lmroman12-regular]:mapping=t
ex-text;!
Missing character: There is no   (U+202F) in font [lmroman12-regular]:mapping=t
ex-text;!
Missing character: There is no   (U+202F) in font [lmroman12-regular]:mapping=t
ex-text;!
Missing character: There is no   (U+202F) in font [lmroman12-regular]:mapping=t
ex-text;!
Missing character: There is no   (U+202F) in font [lmroman12-regular]:mapping=t
ex-text;!
Missing character: There is no   (U+202F) in font [lmroman12-regular]:mapping=t
ex-text;!
Missing character: There is no   (U+202F) in font [lmroman12-regular]:mapping=t
ex-text;!
Missing character: There is no   (U+202F) in font [lmroman12-regular]:mapping=t
ex-text;!


[88]
Missing character: There is no   (U+202F) in font [lmroman12-regular]:mapping=t
ex-text;!
Missing character: There is no   (U+202F) in font [lmroman12-regular]:mapping=t
ex-text;!
Missing character: There is no   (U+202F) in font [lmroman12-regular]:mapping=t
ex-text;!
Missing character: There is no   (U+202F) in font [lmroman12-regular]:mapping=t
ex-text;!
Missing character: There is no   (U+202F) in font [lmroman12-regular]:mapping=t
ex-text;!


[89]
Missing character: There is no   (U+202F) in font [lmroman12-regular]:mapping=t
ex-text;!
Missing character: There is no   (U+202F) in font [lmroman12-regular]:mapping=t
ex-text;!
Missing character: There is no   (U+202F) in font [lmroman12-regular]:mapping=t
ex-text;!
Missing character: There is no   (U+202F) in font [lmroman12-regular]:mapping=t
ex-text;!
Missing character: There is no   (U+202F) in font [lmroman12-regular]:mapping=t
ex-text;!
Missing character: There is no   (U+202F) in font [lmroman12-regular]:mapping=t
ex-text;!
Missing character: There is no   (U+202F) in font [lmroman12-regular]:mapping=t
ex-text;!

Overfull \hbox (19.01077pt too wide) in paragraph at lines 86--87
[]\TU/lmr/m/n/12 Limandri Sandrine (SL) : Responsable de l’atelier de numérisat
ion, entretien du 02/04/2026.
 []

Missing character: There is no   (U+202F) in font [lmroman12-regular]:mapping=t
ex-text;!
Missing character: There is no   (U+202F) in font [lmroman12-regular]:mapping=t
ex-text;!


[90]
Missing character: There is no   (U+202F) in font [lmroman12-regular]:mapping=t
ex-text;!
Missing character: There is no   (U+202F) in font [lmroman12-regular]:mapping=t
ex-text;!
Missing character: There is no   (U+202F) in font [lmroman12-regular]:mapping=t
ex-text;!

Overfull \hbox (3.47462pt too wide) in paragraph at lines 107--108
[]\TU/lmr/m/n/12 Actuellement, la bibliothèque numérique propose uniquement des
 monographies15. Cette
 []



[91]
Missing character: There is no   (U+202F) in font [lmroman12-regular]:mapping=t
ex-text;!
Missing character: There is no   (U+202F) in font [lmroman12-regular]:mapping=t
ex-text;!


[92]
Missing character: There is no   (U+202F) in font [lmroman12-regular]:mapping=t
ex-text;!
Missing character: There is no   (U+202F) in font [lmroman12-regular]:mapping=t
ex-text;!
Missing character: There is no   (U+202F) in font [lmroman12-regular]:mapping=t
ex-text;!


[93]
Missing character: There is no   (U+202F) in font [lmroman12-regular]:mapping=t
ex-text;!


[94]
Missing character: There is no   (U+202F) in font [lmroman12-regular]:mapping=t
ex-text;!


[95]
Missing character: There is no   (U+202F) in font [lmroman12-bold]:mapping=tex-
text;!


[96]
Missing character: There is no   (U+202F) in font [lmroman12-regular]:mapping=t
ex-text;!


[97]
Missing character: There is no   (U+202F) in font [lmroman12-bold]:mapping=tex-
text;!
Missing character: There is no   (U+202F) in font [lmroman12-bold]:mapping=tex-
text;!
Missing character: There is no   (U+202F) in font [lmroman12-regular]:mapping=t
ex-text;!


[98]

[99]
Missing character: There is no   (U+202F) in font [lmroman12-regular]:mapping=t
ex-text;!
Missing character: There is no   (U+202F) in font [lmroman12-regular]:mapping=t
ex-text;!


[100]
Missing character: There is no   (U+202F) in font [lmroman12-regular]:mapping=t
ex-text;!


[101]
Missing character: There is no   (U+202F) in font [lmroman12-regular]:mapping=t
ex-text;!


[102]
Missing character: There is no   (U+202F) in font [lmroman12-regular]:mapping=t
ex-text;!
Missing character: There is no   (U+202F) in font [lmroman12-regular]:mapping=t
ex-text;!
Missing character: There is no   (U+202F) in font [lmroman12-regular]:mapping=t
ex-text;!
Missing character: There is no   (U+202F) in font [lmroman12-regular]:mapping=t
ex-text;!
Missing character: There is no   (U+202F) in font [lmroman12-regular]:mapping=t
ex-text;!
Missing character: There is no   (U+202F) in font [lmroman12-regular]:mapping=t
ex-text;!
Missing character: There is no   (U+202F) in font [lmroman12-regular]:mapping=t
ex-text;!
Missing character: There is no   (U+202F) in font [lmroman12-regular]:mapping=t
ex-text;!
Missing character: There is no   (U+202F) in font [lmroman12-regular]:mapping=t
ex-text;!
Missing character: There is no   (U+202F) in font [lmroman12-regular]:mapping=t
ex-text;!
Missing character: There is no   (U+202F) in font [lmroman12-bold]:mapping=tex-
text;!
Missing character: There is no   (U+202F) in font [lmroman12-bold]:mapping=tex-
text;!
Missing character: There is no   (U+202F) in font [lmroman12-regular]:mapping=t
ex-text;!
Missing character: There is no   (U+202F) in font [lmroman12-regular]:mapping=t
ex-text;!
Missing character: There is no   (U+202F) in font [lmroman12-regular]:mapping=t
ex-text;!
Missing character: There is no   (U+202F) in font [lmroman12-regular]:mapping=t
ex-text;!
Missing character: There is no   (U+202F) in font [lmroman12-regular]:mapping=t
ex-text;!
Missing character: There is no   (U+202F) in font [lmroman12-regular]:mapping=t
ex-text;!
Missing character: There is no   (U+202F) in font [lmroman12-regular]:mapping=t
ex-text;!
Missing character: There is no   (U+202F) in font [lmroman12-regular]:mapping=t
ex-text;!
Missing character: There is no   (U+202F) in font [lmroman12-regular]:mapping=t
ex-text;!
Missing character: There is no   (U+202F) in font [lmroman12-regular]:mapping=t
ex-text;!
Missing character: There is no   (U+202F) in font [lmroman12-regular]:mapping=t
ex-text;!
Missing character: There is no   (U+202F) in font [lmroman12-bold]:mapping=tex-
text;!
Missing character: There is no   (U+202F) in font [lmroman12-regular]:mapping=t
ex-text;!
Missing character: There is no   (U+202F) in font [lmroman12-regular]:mapping=t
ex-text;!
Missing character: There is no   (U+202F) in font [lmroman12-regular]:mapping=t
ex-text;!
Missing character: There is no   (U+202F) in font [lmroman12-regular]:mapping=t
ex-text;!
Missing character: There is no   (U+202F) in font [lmroman12-regular]:mapping=t
ex-text;!
Missing character: There is no   (U+202F) in font [lmroman12-regular]:mapping=t
ex-text;!
Missing character: There is no   (U+202F) in font [lmroman12-regular]:mapping=t
ex-text;!
Missing character: There is no   (U+202F) in font [lmroman12-bold]:mapping=tex-
text;!
Missing character: There is no   (U+202F) in font [lmroman12-regular]:mapping=t
ex-text;!
Missing character: There is no   (U+202F) in font [lmroman12-regular]:mapping=t
ex-text;!
Missing character: There is no   (U+202F) in font [lmroman12-regular]:mapping=t
ex-text;!
Missing character: There is no   (U+202F) in font [lmroman12-regular]:mapping=t
ex-text;!


[103]

[104]
Overfull \vbox (12.76428pt too high) has occurred while \output is active []



[105]
Missing character: There is no   (U+202F) in font [lmroman12-regular]:mapping=t
ex-text;!
Missing character: There is no   (U+202F) in font [lmroman12-regular]:mapping=t
ex-text;!
Missing character: There is no   (U+202F) in font [lmroman12-regular]:mapping=t
ex-text;!
Missing character: There is no   (U+202F) in font [lmroman12-regular]:mapping=t
ex-text;!
Missing character: There is no   (U+202F) in font [lmroman12-regular]:mapping=t
ex-text;!
Missing character: There is no   (U+202F) in font [lmroman12-regular]:mapping=t
ex-text;!
Missing character: There is no   (U+202F) in font [lmroman12-regular]:mapping=t
ex-text;!
Missing character: There is no   (U+202F) in font [lmroman12-regular]:mapping=t
ex-text;!
Missing character: There is no   (U+202F) in font [lmroman12-regular]:mapping=t
ex-text;!
Missing character: There is no   (U+202F) in font [lmroman12-bold]:mapping=tex-
text;!
Missing character: There is no   (U+202F) in font [lmroman12-bold]:mapping=tex-
text;!
Missing character: There is no   (U+202F) in font [lmroman12-regular]:mapping=t
ex-text;!
Missing character: There is no   (U+202F) in font [lmroman12-regular]:mapping=t
ex-text;!
Missing character: There is no   (U+202F) in font [lmroman12-regular]:mapping=t
ex-text;!
Missing character: There is no   (U+202F) in font [lmroman12-regular]:mapping=t
ex-text;!
Missing character: There is no   (U+202F) in font [lmroman12-regular]:mapping=t
ex-text;!
Missing character: There is no   (U+202F) in font [lmroman12-regular]:mapping=t
ex-text;!
Missing character: There is no   (U+202F) in font [lmroman12-regular]:mapping=t
ex-text;!
Missing character: There is no   (U+202F) in font [lmroman12-regular]:mapping=t
ex-text;!
Missing character: There is no   (U+202F) in font [lmroman12-regular]:mapping=t
ex-text;!
Missing character: There is no   (U+202F) in font [lmroman12-regular]:mapping=t
ex-text;!
Missing character: There is no   (U+202F) in font [lmroman12-bold]:mapping=tex-
text;!
Missing character: There is no   (U+202F) in font [lmroman12-regular]:mapping=t
ex-text;!
Missing character: There is no   (U+202F) in font [lmroman12-regular]:mapping=t
ex-text;!
Missing character: There is no   (U+202F) in font [lmroman12-regular]:mapping=t
ex-text;!
Missing character: There is no   (U+202F) in font [lmroman12-regular]:mapping=t
ex-text;!
Missing character: There is no   (U+202F) in font [lmroman12-regular]:mapping=t
ex-text;!
Missing character: There is no   (U+202F) in font [lmroman12-regular]:mapping=t
ex-text;!
Missing character: There is no   (U+202F) in font [lmroman12-regular]:mapping=t
ex-text;!
Missing character: There is no   (U+202F) in font [lmroman12-bold]:mapping=tex-
text;!
Missing character: There is no   (U+202F) in font [lmroman12-regular]:mapping=t
ex-text;!
Missing character: There is no   (U+202F) in font [lmroman12-regular]:mapping=t
ex-text;!
Missing character: There is no   (U+202F) in font [lmroman12-regular]:mapping=t
ex-text;!


[106]
Missing character: There is no   (U+202F) in font [lmroman12-bold]:mapping=tex-
text;!
Missing character: There is no   (U+202F) in font [lmroman12-regular]:mapping=t
ex-text;!
Missing character: There is no   (U+202F) in font [lmroman12-regular]:mapping=t
ex-text;!


[107]
Missing character: There is no   (U+202F) in font [lmroman12-regular]:mapping=t
ex-text;!
Missing character: There is no   (U+202F) in font [lmroman12-regular]:mapping=t
ex-text;!
Missing character: There is no   (U+202F) in font [lmroman12-regular]:mapping=t
ex-text;!
Missing character: There is no   (U+202F) in font [lmroman12-regular]:mapping=t
ex-text;!
Missing character: There is no   (U+202F) in font [lmroman12-regular]:mapping=t
ex-text;!
Missing character: There is no   (U+202F) in font [lmroman12-regular]:mapping=t
ex-text;!
Missing character: There is no   (U+202F) in font [lmroman12-regular]:mapping=t
ex-text;!
Missing character: There is no   (U+202F) in font [lmroman12-regular]:mapping=t
ex-text;!
Missing character: There is no   (U+202F) in font [lmroman12-regular]:mapping=t
ex-text;!
Missing character: There is no   (U+202F) in font [lmroman12-regular]:mapping=t
ex-text;!
Missing character: There is no   (U+202F) in font [lmroman12-regular]:mapping=t
ex-text;!
Missing character: There is no   (U+202F) in font [lmroman12-regular]:mapping=t
ex-text;!
Missing character: There is no   (U+202F) in font [lmroman12-regular]:mapping=t
ex-text;!
Missing character: There is no   (U+202F) in font [lmroman12-regular]:mapping=t
ex-text;!
Missing character: There is no   (U+202F) in font [lmroman12-regular]:mapping=t
ex-text;!
Missing character: There is no   (U+202F) in font [lmroman12-regular]:mapping=t
ex-text;!
Missing character: There is no   (U+202F) in font [lmroman12-regular]:mapping=t
ex-text;!
Missing character: There is no   (U+202F) in font [lmroman12-regular]:mapping=t
ex-text;!
Missing character: There is no   (U+202F) in font [lmroman12-regular]:mapping=t
ex-text;!
Missing character: There is no   (U+202F) in font [lmroman12-regular]:mapping=t
ex-text;!


[108]
Missing character: There is no   (U+202F) in font [lmroman12-regular]:mapping=t
ex-text;!
Missing character: There is no   (U+202F) in font [lmroman12-regular]:mapping=t
ex-text;!
Missing character: There is no   (U+202F) in font [lmroman12-regular]:mapping=t
ex-text;!
Missing character: There is no   (U+202F) in font [lmroman12-regular]:mapping=t
ex-text;!
Missing character: There is no   (U+202F) in font [lmroman12-regular]:mapping=t
ex-text;!
Missing character: There is no   (U+202F) in font [lmroman12-regular]:mapping=t
ex-text;!
Missing character: There is no   (U+202F) in font [lmroman12-regular]:mapping=t
ex-text;!
Missing character: There is no   (U+202F) in font [lmroman12-regular]:mapping=t
ex-text;!
Missing character: There is no   (U+202F) in font [lmroman12-regular]:mapping=t
ex-text;!


[109]
Missing character: There is no   (U+202F) in font [lmroman12-regular]:mapping=t
ex-text;!
Missing character: There is no   (U+202F) in font [lmroman12-bold]:mapping=tex-
text;!
Missing character: There is no   (U+202F) in font [lmroman12-regular]:mapping=t
ex-text;!
Missing character: There is no   (U+202F) in font [lmroman12-regular]:mapping=t
ex-text;!
Missing character: There is no   (U+202F) in font [lmroman12-regular]:mapping=t
ex-text;!
Missing character: There is no   (U+202F) in font [lmroman12-regular]:mapping=t
ex-text;!
Missing character: There is no   (U+202F) in font [lmroman12-regular]:mapping=t
ex-text;!
Missing character: There is no   (U+202F) in font [lmroman12-regular]:mapping=t
ex-text;!
Missing character: There is no   (U+202F) in font [lmroman12-regular]:mapping=t
ex-text;!
Missing character: There is no   (U+202F) in font [lmroman12-regular]:mapping=t
ex-text;!
Missing character: There is no   (U+202F) in font [lmroman12-regular]:mapping=t
ex-text;!
Missing character: There is no   (U+202F) in font [lmroman12-regular]:mapping=t
ex-text;!
Missing character: There is no   (U+202F) in font [lmroman12-regular]:mapping=t
ex-text;!


[110]
Missing character: There is no   (U+202F) in font [lmroman12-regular]:mapping=t
ex-text;!
Missing character: There is no   (U+202F) in font [lmroman12-regular]:mapping=t
ex-text;!
Missing character: There is no   (U+202F) in font [lmroman12-regular]:mapping=t
ex-text;!
Missing character: There is no   (U+202F) in font [lmroman12-regular]:mapping=t
ex-text;!
Missing character: There is no   (U+202F) in font [lmroman12-regular]:mapping=t
ex-text;!
Missing character: There is no   (U+202F) in font [lmroman12-regular]:mapping=t
ex-text;!
Missing character: There is no   (U+202F) in font [lmroman12-regular]:mapping=t
ex-text;!
Missing character: There is no   (U+202F) in font [lmroman12-regular]:mapping=t
ex-text;!
Missing character: There is no   (U+202F) in font [lmroman12-regular]:mapping=t
ex-text;!
Missing character: There is no   (U+202F) in font [lmroman12-regular]:mapping=t
ex-text;!
Missing character: There is no   (U+202F) in font [lmroman12-regular]:mapping=t
ex-text;!
Missing character: There is no   (U+202F) in font [lmroman12-regular]:mapping=t
ex-text;!
Missing character: There is no   (U+202F) in font [lmroman12-regular]:mapping=t
ex-text;!
Missing character: There is no   (U+202F) in font [lmroman12-regular]:mapping=t
ex-text;!
Missing character: There is no   (U+202F) in font [lmroman12-regular]:mapping=t
ex-text;!
Missing character: There is no   (U+202F) in font [lmroman12-regular]:mapping=t
ex-text;!
Missing character: There is no   (U+202F) in font [lmroman12-regular]:mapping=t
ex-text;!
Missing character: There is no   (U+202F) in font [lmroman12-regular]:mapping=t
ex-text;!
Missing character: There is no   (U+202F) in font [lmroman12-regular]:mapping=t
ex-text;!
Missing character: There is no   (U+202F) in font [lmroman12-regular]:mapping=t
ex-text;!
Missing character: There is no   (U+202F) in font [lmroman12-regular]:mapping=t
ex-text;!


[111]
Missing character: There is no   (U+202F) in font [lmroman12-regular]:mapping=t
ex-text;!
Missing character: There is no   (U+202F) in font [lmroman12-regular]:mapping=t
ex-text;!
Missing character: There is no   (U+202F) in font [lmroman12-regular]:mapping=t
ex-text;!
Missing character: There is no   (U+202F) in font [lmroman12-regular]:mapping=t
ex-text;!
Missing character: There is no   (U+202F) in font [lmroman12-regular]:mapping=t
ex-text;!
Missing character: There is no   (U+202F) in font [lmroman12-regular]:mapping=t
ex-text;!
Missing character: There is no   (U+202F) in font [lmroman12-bold]:mapping=tex-
text;!
Missing character: There is no   (U+202F) in font [lmroman12-regular]:mapping=t
ex-text;!
Missing character: There is no   (U+202F) in font [lmroman12-regular]:mapping=t
ex-text;!
Missing character: There is no   (U+202F) in font [lmroman12-regular]:mapping=t
ex-text;!
Missing character: There is no   (U+202F) in font [lmroman12-regular]:mapping=t
ex-text;!
Missing character: There is no   (U+202F) in font [lmroman12-bold]:mapping=tex-
text;!
Missing character: There is no   (U+202F) in font [lmroman12-regular]:mapping=t
ex-text;!
Missing character: There is no   (U+202F) in font [lmroman12-regular]:mapping=t
ex-text;!
Missing character: There is no   (U+202F) in font [lmroman12-regular]:mapping=t
ex-text;!
Missing character: There is no   (U+202F) in font [lmroman12-regular]:mapping=t
ex-text;!


[112]
Missing character: There is no   (U+202F) in font [lmroman12-regular]:mapping=t
ex-text;!
Missing character: There is no   (U+202F) in font [lmroman12-regular]:mapping=t
ex-text;!
Missing character: There is no   (U+202F) in font [lmroman12-regular]:mapping=t
ex-text;!
Missing character: There is no   (U+202F) in font [lmroman12-regular]:mapping=t
ex-text;!
Missing character: There is no   (U+202F) in font [lmroman12-regular]:mapping=t
ex-text;!
Missing character: There is no   (U+202F) in font [lmroman12-regular]:mapping=t
ex-text;!
Missing character: There is no   (U+202F) in font [lmroman12-regular]:mapping=t
ex-text;!
Missing character: There is no   (U+202F) in font [lmroman12-regular]:mapping=t
ex-text;!
Missing character: There is no   (U+202F) in font [lmroman12-regular]:mapping=t
ex-text;!
Missing character: There is no   (U+202F) in font [lmroman12-regular]:mapping=t
ex-text;!
Missing character: There is no   (U+202F) in font [lmroman12-regular]:mapping=t
ex-text;!
Missing character: There is no   (U+202F) in font [lmroman12-regular]:mapping=t
ex-text;!
Missing character: There is no   (U+202F) in font [lmroman12-regular]:mapping=t
ex-text;!
Missing character: There is no   (U+202F) in font [lmroman12-regular]:mapping=t
ex-text;!
Missing character: There is no   (U+202F) in font [lmroman12-regular]:mapping=t
ex-text;!
Missing character: There is no   (U+202F) in font [lmroman12-regular]:mapping=t
ex-text;!
Missing character: There is no   (U+202F) in font [lmroman12-regular]:mapping=t
ex-text;!
Missing character: There is no   (U+202F) in font [lmroman12-regular]:mapping=t
ex-text;!
Missing character: There is no   (U+202F) in font [lmroman12-regular]:mapping=t
ex-text;!
Missing character: There is no   (U+202F) in font [lmroman12-regular]:mapping=t
ex-text;!
Missing character: There is no   (U+202F) in font [lmroman12-regular]:mapping=t
ex-text;!
Missing character: There is no   (U+202F) in font [lmroman12-regular]:mapping=t
ex-text;!
Missing character: There is no   (U+202F) in font [lmroman12-regular]:mapping=t
ex-text;!
Missing character: There is no   (U+202F) in font [lmroman12-regular]:mapping=t
ex-text;!
Missing character: There is no   (U+202F) in font [lmroman12-regular]:mapping=t
ex-text;!
Missing character: There is no   (U+202F) in font [lmroman12-regular]:mapping=t
ex-text;!


[113]
Missing character: There is no   (U+202F) in font [lmroman12-regular]:mapping=t
ex-text;!
Missing character: There is no   (U+202F) in font [lmroman12-regular]:mapping=t
ex-text;!
Missing character: There is no   (U+202F) in font [lmroman12-regular]:mapping=t
ex-text;!
Missing character: There is no   (U+202F) in font [lmroman12-regular]:mapping=t
ex-text;!
Missing character: There is no   (U+202F) in font [lmroman12-regular]:mapping=t
ex-text;!
Missing character: There is no   (U+202F) in font [lmroman12-regular]:mapping=t
ex-text;!
Missing character: There is no   (U+202F) in font [lmroman12-regular]:mapping=t
ex-text;!
Missing character: There is no   (U+202F) in font [lmroman12-regular]:mapping=t
ex-text;!
Missing character: There is no   (U+202F) in font [lmroman12-regular]:mapping=t
ex-text;!
Missing character: There is no   (U+202F) in font [lmroman12-regular]:mapping=t
ex-text;!
Missing character: There is no   (U+202F) in font [lmroman12-regular]:mapping=t
ex-text;!
Missing character: There is no   (U+202F) in font [lmroman12-regular]:mapping=t
ex-text;!
Missing character: There is no   (U+202F) in font [lmroman12-regular]:mapping=t
ex-text;!
Missing character: There is no   (U+202F) in font [lmroman12-regular]:mapping=t
ex-text;!
Missing character: There is no   (U+202F) in font [lmroman12-regular]:mapping=t
ex-text;!
Missing character: There is no   (U+202F) in font [lmroman12-regular]:mapping=t
ex-text;!
Missing character: There is no   (U+202F) in font [lmroman12-regular]:mapping=t
ex-text;!
Missing character: There is no   (U+202F) in font [lmroman12-regular]:mapping=t
ex-text;!
Missing character: There is no   (U+202F) in font [lmroman12-regular]:mapping=t
ex-text;!
Missing character: There is no   (U+202F) in font [lmroman12-regular]:mapping=t
ex-text;!
Missing character: There is no   (U+202F) in font [lmroman12-regular]:mapping=t
ex-text;!
Missing character: There is no   (U+202F) in font [lmroman12-regular]:mapping=t
ex-text;!
Missing character: There is no   (U+202F) in font [lmroman12-regular]:mapping=t
ex-text;!
Missing character: There is no   (U+202F) in font [lmroman12-regular]:mapping=t
ex-text;!
Missing character: There is no   (U+202F) in font [lmroman12-regular]:mapping=t
ex-text;!
Missing character: There is no   (U+202F) in font [lmroman12-bold]:mapping=tex-
text;!
Missing character: There is no   (U+202F) in font [lmroman12-regular]:mapping=t
ex-text;!
Missing character: There is no   (U+202F) in font [lmroman12-regular]:mapping=t
ex-text;!
Missing character: There is no   (U+202F) in font [lmroman12-regular]:mapping=t
ex-text;!
Missing character: There is no   (U+202F) in font [lmroman12-regular]:mapping=t
ex-text;!
Missing character: There is no   (U+202F) in font [lmroman12-regular]:mapping=t
ex-text;!
Missing character: There is no   (U+202F) in font [lmroman12-regular]:mapping=t
ex-text;!


[114]
Missing character: There is no   (U+202F) in font [lmroman12-regular]:mapping=t
ex-text;!
Missing character: There is no   (U+202F) in font [lmroman12-regular]:mapping=t
ex-text;!
Missing character: There is no   (U+202F) in font [lmroman12-regular]:mapping=t
ex-text;!
Missing character: There is no   (U+202F) in font [lmroman12-regular]:mapping=t
ex-text;!
Missing character: There is no   (U+202F) in font [lmroman12-regular]:mapping=t
ex-text;!
Missing character: There is no   (U+202F) in font [lmroman12-regular]:mapping=t
ex-text;!
Missing character: There is no   (U+202F) in font [lmroman12-regular]:mapping=t
ex-text;!
Missing character: There is no   (U+202F) in font [lmroman12-regular]:mapping=t
ex-text;!
Missing character: There is no   (U+202F) in font [lmroman12-regular]:mapping=t
ex-text;!
Missing character: There is no   (U+202F) in font [lmroman12-regular]:mapping=t
ex-text;!
Missing character: There is no   (U+202F) in font [lmroman12-regular]:mapping=t
ex-text;!
Missing character: There is no   (U+202F) in font [lmroman12-regular]:mapping=t
ex-text;!
Missing character: There is no   (U+202F) in font [lmroman12-regular]:mapping=t
ex-text;!
Missing character: There is no   (U+202F) in font [lmroman12-regular]:mapping=t
ex-text;!
Missing character: There is no   (U+202F) in font [lmroman12-regular]:mapping=t
ex-text;!
Missing character: There is no   (U+202F) in font [lmroman12-regular]:mapping=t
ex-text;!
Missing character: There is no   (U+202F) in font [lmroman12-regular]:mapping=t
ex-text;!
Missing character: There is no   (U+202F) in font [lmroman12-regular]:mapping=t
ex-text;!
Missing character: There is no   (U+202F) in font [lmroman12-regular]:mapping=t
ex-text;!
Missing character: There is no   (U+202F) in font [lmroman12-regular]:mapping=t
ex-text;!
Missing character: There is no   (U+202F) in font [lmroman12-regular]:mapping=t
ex-text;!
Missing character: There is no   (U+202F) in font [lmroman12-regular]:mapping=t
ex-text;!
Missing character: There is no   (U+202F) in font [lmroman12-regular]:mapping=t
ex-text;!
Missing character: There is no   (U+202F) in font [lmroman12-regular]:mapping=t
ex-text;!
Missing character: There is no   (U+202F) in font [lmroman12-regular]:mapping=t
ex-text;!
Missing character: There is no   (U+202F) in font [lmroman12-regular]:mapping=t
ex-text;!
Missing character: There is no   (U+202F) in font [lmroman12-regular]:mapping=t
ex-text;!
Missing character: There is no   (U+202F) in font [lmroman12-regular]:mapping=t
ex-text;!
Missing character: There is no   (U+202F) in font [lmroman12-regular]:mapping=t
ex-text;!
Missing character: There is no   (U+202F) in font [lmroman12-regular]:mapping=t
ex-text;!


[115]
Missing character: There is no   (U+202F) in font [lmroman12-regular]:mapping=t
ex-text;!
Missing character: There is no   (U+202F) in font [lmroman12-regular]:mapping=t
ex-text;!
Missing character: There is no   (U+202F) in font [lmroman12-regular]:mapping=t
ex-text;!
Missing character: There is no   (U+202F) in font [lmroman12-regular]:mapping=t
ex-text;!
Missing character: There is no   (U+202F) in font [lmroman12-regular]:mapping=t
ex-text;!
Missing character: There is no   (U+202F) in font [lmroman12-regular]:mapping=t
ex-text;!
Missing character: There is no   (U+202F) in font [lmroman12-regular]:mapping=t
ex-text;!
Missing character: There is no   (U+202F) in font [lmroman12-regular]:mapping=t
ex-text;!
Missing character: There is no   (U+202F) in font [lmroman12-regular]:mapping=t
ex-text;!
Missing character: There is no   (U+202F) in font [lmroman12-bold]:mapping=tex-
text;!
Missing character: There is no   (U+202F) in font [lmroman12-regular]:mapping=t
ex-text;!
Missing character: There is no   (U+202F) in font [lmroman12-regular]:mapping=t
ex-text;!
Missing character: There is no   (U+202F) in font [lmroman12-regular]:mapping=t
ex-text;!
Missing character: There is no   (U+202F) in font [lmroman12-regular]:mapping=t
ex-text;!
Missing character: There is no   (U+202F) in font [lmroman12-regular]:mapping=t
ex-text;!
Missing character: There is no   (U+202F) in font [lmroman12-regular]:mapping=t
ex-text;!
Missing character: There is no   (U+202F) in font [lmroman12-regular]:mapping=t
ex-text;!
Missing character: There is no   (U+202F) in font [lmroman12-regular]:mapping=t
ex-text;!
Missing character: There is no   (U+202F) in font [lmroman12-regular]:mapping=t
ex-text;!
Missing character: There is no   (U+202F) in font [lmroman12-regular]:mapping=t
ex-text;!
Missing character: There is no   (U+202F) in font [lmroman12-regular]:mapping=t
ex-text;!
Missing character: There is no   (U+202F) in font [lmroman12-regular]:mapping=t
ex-text;!
Missing character: There is no   (U+202F) in font [lmroman12-regular]:mapping=t
ex-text;!
Missing character: There is no   (U+202F) in font [lmroman12-regular]:mapping=t
ex-text;!
Missing character: There is no   (U+202F) in font [lmroman12-regular]:mapping=t
ex-text;!
Missing character: There is no   (U+202F) in font [lmroman12-regular]:mapping=t
ex-text;!
Missing character: There is no   (U+202F) in font [lmroman12-regular]:mapping=t
ex-text;!
Missing character: There is no   (U+202F) in font [lmroman12-regular]:mapping=t
ex-text;!
Missing character: There is no   (U+202F) in font [lmroman12-regular]:mapping=t
ex-text;!
Missing character: There is no   (U+202F) in font [lmroman12-regular]:mapping=t
ex-text;!


[116]
Missing character: There is no   (U+202F) in font [lmroman12-bold]:mapping=tex-
text;!
Missing character: There is no   (U+202F) in font [lmroman12-regular]:mapping=t
ex-text;!
Missing character: There is no   (U+202F) in font [lmroman12-regular]:mapping=t
ex-text;!
Missing character: There is no   (U+202F) in font [lmroman12-regular]:mapping=t
ex-text;!
Missing character: There is no   (U+202F) in font [lmroman12-regular]:mapping=t
ex-text;!
Missing character: There is no   (U+202F) in font [lmroman12-regular]:mapping=t
ex-text;!
Missing character: There is no   (U+202F) in font [lmroman12-regular]:mapping=t
ex-text;!
Missing character: There is no   (U+202F) in font [lmroman12-regular]:mapping=t
ex-text;!
Missing character: There is no   (U+202F) in font [lmroman12-regular]:mapping=t
ex-text;!
Missing character: There is no   (U+202F) in font [lmroman12-regular]:mapping=t
ex-text;!
Missing character: There is no   (U+202F) in font [lmroman12-regular]:mapping=t
ex-text;!
Missing character: There is no   (U+202F) in font [lmroman12-regular]:mapping=t
ex-text;!
Missing character: There is no   (U+202F) in font [lmroman12-regular]:mapping=t
ex-text;!
Missing character: There is no   (U+202F) in font [lmroman12-regular]:mapping=t
ex-text;!
Missing character: There is no   (U+202F) in font [lmroman12-regular]:mapping=t
ex-text;!
Missing character: There is no   (U+202F) in font [lmroman12-regular]:mapping=t
ex-text;!
Missing character: There is no   (U+202F) in font [lmroman12-bold]:mapping=tex-
text;!
Missing character: There is no   (U+202F) in font [lmroman12-regular]:mapping=t
ex-text;!
Missing character: There is no   (U+202F) in font [lmroman12-regular]:mapping=t
ex-text;!


[117]
Missing character: There is no   (U+202F) in font [lmroman12-bold]:mapping=tex-
text;!
Missing character: There is no   (U+202F) in font [lmroman12-bold]:mapping=tex-
text;!
Missing character: There is no   (U+202F) in font [lmroman12-regular]:mapping=t
ex-text;!
Missing character: There is no   (U+202F) in font [lmroman12-regular]:mapping=t
ex-text;!
Missing character: There is no   (U+202F) in font [lmroman12-regular]:mapping=t
ex-text;!
Missing character: There is no   (U+202F) in font [lmroman12-regular]:mapping=t
ex-text;!
Missing character: There is no   (U+202F) in font [lmroman12-regular]:mapping=t
ex-text;!
Missing character: There is no   (U+202F) in font [lmroman12-regular]:mapping=t
ex-text;!


[118]
Missing character: There is no   (U+202F) in font [lmroman12-regular]:mapping=t
ex-text;!
Missing character: There is no   (U+202F) in font [lmroman12-regular]:mapping=t
ex-text;!
Missing character: There is no   (U+202F) in font [lmroman12-regular]:mapping=t
ex-text;!
Missing character: There is no   (U+202F) in font [lmroman12-regular]:mapping=t
ex-text;!
Missing character: There is no   (U+202F) in font [lmroman12-regular]:mapping=t
ex-text;!
Missing character: There is no   (U+202F) in font [lmroman12-regular]:mapping=t
ex-text;!
Missing character: There is no   (U+202F) in font [lmroman12-regular]:mapping=t
ex-text;!
Missing character: There is no   (U+202F) in font [lmroman12-regular]:mapping=t
ex-text;!
Missing character: There is no   (U+202F) in font [lmroman12-regular]:mapping=t
ex-text;!
Missing character: There is no   (U+202F) in font [lmroman12-regular]:mapping=t
ex-text;!
Missing character: There is no   (U+202F) in font [lmroman12-regular]:mapping=t
ex-text;!
Missing character: There is no   (U+202F) in font [lmroman12-regular]:mapping=t
ex-text;!
Missing character: There is no   (U+202F) in font [lmroman12-regular]:mapping=t
ex-text;!
Missing character: There is no   (U+202F) in font [lmroman12-regular]:mapping=t
ex-text;!
Missing character: There is no   (U+202F) in font [lmroman12-regular]:mapping=t
ex-text;!
Missing character: There is no   (U+202F) in font [lmroman12-regular]:mapping=t
ex-text;!
Missing character: There is no   (U+202F) in font [lmroman12-regular]:mapping=t
ex-text;!
Missing character: There is no   (U+202F) in font [lmroman12-regular]:mapping=t
ex-text;!
Missing character: There is no   (U+202F) in font [lmroman12-regular]:mapping=t
ex-text;!
Missing character: There is no   (U+202F) in font [lmroman12-regular]:mapping=t
ex-text;!
Missing character: There is no   (U+202F) in font [lmroman12-regular]:mapping=t
ex-text;!
Missing character: There is no   (U+202F) in font [lmroman12-regular]:mapping=t
ex-text;!
Missing character: There is no   (U+202F) in font [lmroman12-regular]:mapping=t
ex-text;!
Missing character: There is no   (U+202F) in font [lmroman12-regular]:mapping=t
ex-text;!
Missing character: There is no   (U+202F) in font [lmroman12-regular]:mapping=t
ex-text;!
Missing character: There is no   (U+202F) in font [lmroman12-regular]:mapping=t
ex-text;!
Missing character: There is no   (U+202F) in font [lmroman12-regular]:mapping=t
ex-text;!
Missing character: There is no   (U+202F) in font [lmroman12-regular]:mapping=t
ex-text;!
Missing character: There is no   (U+202F) in font [lmroman12-regular]:mapping=t
ex-text;!
Missing character: There is no   (U+202F) in font [lmroman12-regular]:mapping=t
ex-text;!
Missing character: There is no   (U+202F) in font [lmroman12-regular]:mapping=t
ex-text;!
Missing character: There is no   (U+202F) in font [lmroman12-regular]:mapping=t
ex-text;!
Missing character: There is no   (U+202F) in font [lmroman12-regular]:mapping=t
ex-text;!
Missing character: There is no   (U+202F) in font [lmroman12-regular]:mapping=t
ex-text;!
Missing character: There is no   (U+202F) in font [lmroman12-regular]:mapping=t
ex-text;!
Missing character: There is no   (U+202F) in font [lmroman12-regular]:mapping=t
ex-text;!
Missing character: There is no   (U+202F) in font [lmroman12-regular]:mapping=t
ex-text;!
Missing character: There is no   (U+202F) in font [lmroman12-regular]:mapping=t
ex-text;!
Missing character: There is no   (U+202F) in font [lmroman12-regular]:mapping=t
ex-text;!
Missing character: There is no   (U+202F) in font [lmroman12-regular]:mapping=t
ex-text;!
Missing character: There is no   (U+202F) in font [lmroman12-regular]:mapping=t
ex-text;!


[119]
Missing character: There is no   (U+202F) in font [lmroman12-bold]:mapping=tex-
text;!
Missing character: There is no   (U+202F) in font [lmroman12-regular]:mapping=t
ex-text;!
Missing character: There is no   (U+202F) in font [lmroman12-regular]:mapping=t
ex-text;!
Missing character: There is no   (U+202F) in font [lmroman12-regular]:mapping=t
ex-text;!
Missing character: There is no   (U+202F) in font [lmroman12-regular]:mapping=t
ex-text;!
Missing character: There is no   (U+202F) in font [lmroman12-regular]:mapping=t
ex-text;!
Missing character: There is no   (U+202F) in font [lmroman12-regular]:mapping=t
ex-text;!
Missing character: There is no   (U+202F) in font [lmroman12-regular]:mapping=t
ex-text;!
Missing character: There is no   (U+202F) in font [lmroman12-regular]:mapping=t
ex-text;!
Missing character: There is no   (U+202F) in font [lmroman12-regular]:mapping=t
ex-text;!
Missing character: There is no   (U+202F) in font [lmroman12-regular]:mapping=t
ex-text;!
Missing character: There is no   (U+202F) in font [lmroman12-regular]:mapping=t
ex-text;!
Missing character: There is no   (U+202F) in font [lmroman12-regular]:mapping=t
ex-text;!
Missing character: There is no   (U+202F) in font [lmroman12-regular]:mapping=t
ex-text;!
Missing character: There is no   (U+202F) in font [lmroman12-regular]:mapping=t
ex-text;!
Missing character: There is no   (U+202F) in font [lmroman12-regular]:mapping=t
ex-text;!
Missing character: There is no   (U+202F) in font [lmroman12-regular]:mapping=t
ex-text;!
Missing character: There is no   (U+202F) in font [lmroman12-regular]:mapping=t
ex-text;!
Missing character: There is no   (U+202F) in font [lmroman12-regular]:mapping=t
ex-text;!
Missing character: There is no   (U+202F) in font [lmroman12-regular]:mapping=t
ex-text;!
Missing character: There is no   (U+202F) in font [lmroman12-regular]:mapping=t
ex-text;!
Missing character: There is no   (U+202F) in font [lmroman12-regular]:mapping=t
ex-text;!
Missing character: There is no   (U+202F) in font [lmroman12-regular]:mapping=t
ex-text;!
Missing character: There is no   (U+202F) in font [lmroman12-regular]:mapping=t
ex-text;!
Missing character: There is no   (U+202F) in font [lmroman12-regular]:mapping=t
ex-text;!
Missing character: There is no   (U+202F) in font [lmroman12-regular]:mapping=t
ex-text;!
Missing character: There is no   (U+202F) in font [lmroman12-regular]:mapping=t
ex-text;!
Missing character: There is no   (U+202F) in font [lmroman12-regular]:mapping=t
ex-text;!
Missing character: There is no   (U+202F) in font [lmroman12-regular]:mapping=t
ex-text;!
Missing character: There is no   (U+202F) in font [lmroman12-regular]:mapping=t
ex-text;!
Missing character: There is no   (U+202F) in font [lmroman12-regular]:mapping=t
ex-text;!


[120]
Missing character: There is no   (U+202F) in font [lmroman12-regular]:mapping=t
ex-text;!
Missing character: There is no   (U+202F) in font [lmroman12-regular]:mapping=t
ex-text;!
Missing character: There is no   (U+202F) in font [lmroman12-regular]:mapping=t
ex-text;!
Missing character: There is no   (U+202F) in font [lmroman12-regular]:mapping=t
ex-text;!
Missing character: There is no   (U+202F) in font [lmroman12-regular]:mapping=t
ex-text;!
Missing character: There is no   (U+202F) in font [lmroman12-regular]:mapping=t
ex-text;!
Missing character: There is no   (U+202F) in font [lmroman12-regular]:mapping=t
ex-text;!
Missing character: There is no   (U+202F) in font [lmroman12-regular]:mapping=t
ex-text;!
Missing character: There is no   (U+202F) in font [lmroman12-regular]:mapping=t
ex-text;!
Missing character: There is no   (U+202F) in font [lmroman12-regular]:mapping=t
ex-text;!
Missing character: There is no   (U+202F) in font [lmroman12-regular]:mapping=t
ex-text;!
Missing character: There is no   (U+202F) in font [lmroman12-regular]:mapping=t
ex-text;!
Missing character: There is no   (U+202F) in font [lmroman12-regular]:mapping=t
ex-text;!
Missing character: There is no   (U+202F) in font [lmroman12-regular]:mapping=t
ex-text;!
Missing character: There is no   (U+202F) in font [lmroman12-regular]:mapping=t
ex-text;!
Missing character: There is no   (U+202F) in font [lmroman12-regular]:mapping=t
ex-text;!
Missing character: There is no   (U+202F) in font [lmroman12-regular]:mapping=t
ex-text;!
Missing character: There is no   (U+202F) in font [lmroman12-regular]:mapping=t
ex-text;!
Missing character: There is no   (U+202F) in font [lmroman12-regular]:mapping=t
ex-text;!
Missing character: There is no   (U+202F) in font [lmroman12-regular]:mapping=t
ex-text;!
Missing character: There is no   (U+202F) in font [lmroman12-regular]:mapping=t
ex-text;!
Missing character: There is no   (U+202F) in font [lmroman12-regular]:mapping=t
ex-text;!
Missing character: There is no   (U+202F) in font [lmroman12-regular]:mapping=t
ex-text;!
Missing character: There is no   (U+202F) in font [lmroman12-regular]:mapping=t
ex-text;!
Missing character: There is no   (U+202F) in font [lmroman12-regular]:mapping=t
ex-text;!
Missing character: There is no   (U+202F) in font [lmroman12-regular]:mapping=t
ex-text;!
Missing character: There is no   (U+202F) in font [lmroman12-regular]:mapping=t
ex-text;!
Missing character: There is no   (U+202F) in font [lmroman12-regular]:mapping=t
ex-text;!
Missing character: There is no   (U+202F) in font [lmroman12-regular]:mapping=t
ex-text;!
Missing character: There is no   (U+202F) in font [lmroman12-regular]:mapping=t
ex-text;!
Missing character: There is no   (U+202F) in font [lmroman12-regular]:mapping=t
ex-text;!
Missing character: There is no   (U+202F) in font [lmroman12-regular]:mapping=t
ex-text;!
Missing character: There is no   (U+202F) in font [lmroman12-regular]:mapping=t
ex-text;!
Missing character: There is no   (U+202F) in font [lmroman12-regular]:mapping=t
ex-text;!
Missing character: There is no   (U+202F) in font [lmroman12-regular]:mapping=t
ex-text;!
Missing character: There is no   (U+202F) in font [lmroman12-regular]:mapping=t
ex-text;!


[121]
Missing character: There is no   (U+202F) in font [lmroman12-regular]:mapping=t
ex-text;!
Missing character: There is no   (U+202F) in font [lmroman12-regular]:mapping=t
ex-text;!
Missing character: There is no   (U+202F) in font [lmroman12-regular]:mapping=t
ex-text;!
Missing character: There is no   (U+202F) in font [lmroman12-regular]:mapping=t
ex-text;!
Missing character: There is no   (U+202F) in font [lmroman12-bold]:mapping=tex-
text;!
Missing character: There is no   (U+202F) in font [lmroman12-bold]:mapping=tex-
text;!
Missing character: There is no   (U+202F) in font [lmroman12-regular]:mapping=t
ex-text;!
Missing character: There is no   (U+202F) in font [lmroman12-regular]:mapping=t
ex-text;!
Missing character: There is no   (U+202F) in font [lmroman12-regular]:mapping=t
ex-text;!
Missing character: There is no   (U+202F) in font [lmroman12-regular]:mapping=t
ex-text;!
Missing character: There is no   (U+202F) in font [lmroman12-regular]:mapping=t
ex-text;!
Missing character: There is no   (U+202F) in font [lmroman12-regular]:mapping=t
ex-text;!
Missing character: There is no   (U+202F) in font [lmroman12-regular]:mapping=t
ex-text;!
Missing character: There is no   (U+202F) in font [lmroman12-regular]:mapping=t
ex-text;!
Missing character: There is no   (U+202F) in font [lmroman12-regular]:mapping=t
ex-text;!
Missing character: There is no   (U+202F) in font [lmroman12-regular]:mapping=t
ex-text;!
Missing character: There is no   (U+202F) in font [lmroman12-regular]:mapping=t
ex-text;!
Missing character: There is no   (U+202F) in font [lmroman12-regular]:mapping=t
ex-text;!
Missing character: There is no   (U+202F) in font [lmroman12-bold]:mapping=tex-
text;!
Missing character: There is no   (U+202F) in font [lmroman12-bold]:mapping=tex-
text;!
Missing character: There is no   (U+202F) in font [lmroman12-regular]:mapping=t
ex-text;!
Missing character: There is no   (U+202F) in font [lmroman12-regular]:mapping=t
ex-text;!
Missing character: There is no   (U+202F) in font [lmroman12-regular]:mapping=t
ex-text;!
Missing character: There is no   (U+202F) in font [lmroman12-regular]:mapping=t
ex-text;!
Missing character: There is no   (U+202F) in font [lmroman12-regular]:mapping=t
ex-text;!
Missing character: There is no   (U+202F) in font [lmroman12-regular]:mapping=t
ex-text;!
Missing character: There is no   (U+202F) in font [lmroman12-regular]:mapping=t
ex-text;!
Missing character: There is no   (U+202F) in font [lmroman12-regular]:mapping=t
ex-text;!
Missing character: There is no   (U+202F) in font [lmroman12-regular]:mapping=t
ex-text;!
Missing character: There is no   (U+202F) in font [lmroman12-regular]:mapping=t
ex-text;!
Missing character: There is no   (U+202F) in font [lmroman12-regular]:mapping=t
ex-text;!
Missing character: There is no   (U+202F) in font [lmroman12-regular]:mapping=t
ex-text;!
Missing character: There is no   (U+202F) in font [lmroman12-regular]:mapping=t
ex-text;!
Missing character: There is no   (U+202F) in font [lmroman12-regular]:mapping=t
ex-text;!
Missing character: There is no   (U+202F) in font [lmroman12-regular]:mapping=t
ex-text;!
Missing character: There is no   (U+202F) in font [lmroman12-regular]:mapping=t
ex-text;!
Missing character: There is no   (U+202F) in font [lmroman12-regular]:mapping=t
ex-text;!
Missing character: There is no   (U+202F) in font [lmroman12-regular]:mapping=t
ex-text;!


[122]
Missing character: There is no   (U+202F) in font [lmroman12-bold]:mapping=tex-
text;!
Missing character: There is no   (U+202F) in font [lmroman12-regular]:mapping=t
ex-text;!
Missing character: There is no   (U+202F) in font [lmroman12-regular]:mapping=t
ex-text;!
Missing character: There is no   (U+202F) in font [lmroman12-regular]:mapping=t
ex-text;!
Missing character: There is no   (U+202F) in font [lmroman12-regular]:mapping=t
ex-text;!
Missing character: There is no   (U+202F) in font [lmroman12-regular]:mapping=t
ex-text;!
Missing character: There is no   (U+202F) in font [lmroman12-regular]:mapping=t
ex-text;!
Missing character: There is no   (U+202F) in font [lmroman12-regular]:mapping=t
ex-text;!
Missing character: There is no   (U+202F) in font [lmroman12-regular]:mapping=t
ex-text;!
Missing character: There is no   (U+202F) in font [lmroman12-regular]:mapping=t
ex-text;!
Missing character: There is no   (U+202F) in font [lmroman12-regular]:mapping=t
ex-text;!
Missing character: There is no   (U+202F) in font [lmroman12-regular]:mapping=t
ex-text;!
Missing character: There is no   (U+202F) in font [lmroman12-regular]:mapping=t
ex-text;!
Missing character: There is no   (U+202F) in font [lmroman12-regular]:mapping=t
ex-text;!
Missing character: There is no   (U+202F) in font [lmroman12-regular]:mapping=t
ex-text;!
Missing character: There is no   (U+202F) in font [lmroman12-regular]:mapping=t
ex-text;!
Missing character: There is no   (U+202F) in font [lmroman12-regular]:mapping=t
ex-text;!
Missing character: There is no   (U+202F) in font [lmroman12-regular]:mapping=t
ex-text;!


[123]
Missing character: There is no   (U+202F) in font [lmroman12-regular]:mapping=t
ex-text;!
Missing character: There is no   (U+202F) in font [lmroman12-regular]:mapping=t
ex-text;!
Missing character: There is no   (U+202F) in font [lmroman12-regular]:mapping=t
ex-text;!
Missing character: There is no   (U+202F) in font [lmroman12-regular]:mapping=t
ex-text;!
Missing character: There is no   (U+202F) in font [lmroman12-regular]:mapping=t
ex-text;!
Missing character: There is no   (U+202F) in font [lmroman12-regular]:mapping=t
ex-text;!
Missing character: There is no   (U+202F) in font [lmroman12-regular]:mapping=t
ex-text;!
Missing character: There is no   (U+202F) in font [lmroman12-regular]:mapping=t
ex-text;!
Missing character: There is no   (U+202F) in font [lmroman12-regular]:mapping=t
ex-text;!
Missing character: There is no   (U+202F) in font [lmroman12-regular]:mapping=t
ex-text;!
Missing character: There is no   (U+202F) in font [lmroman12-regular]:mapping=t
ex-text;!
Missing character: There is no   (U+202F) in font [lmroman12-regular]:mapping=t
ex-text;!
Missing character: There is no   (U+202F) in font [lmroman12-regular]:mapping=t
ex-text;!
Missing character: There is no   (U+202F) in font [lmroman12-regular]:mapping=t
ex-text;!


[124]
Missing character: There is no   (U+202F) in font [lmroman12-regular]:mapping=t
ex-text;!
Missing character: There is no   (U+202F) in font [lmroman12-regular]:mapping=t
ex-text;!
Missing character: There is no   (U+202F) in font [lmroman12-regular]:mapping=t
ex-text;!
Missing character: There is no   (U+202F) in font [lmroman12-regular]:mapping=t
ex-text;!
Missing character: There is no   (U+202F) in font [lmroman12-regular]:mapping=t
ex-text;!
Missing character: There is no   (U+202F) in font [lmroman12-regular]:mapping=t
ex-text;!
Missing character: There is no   (U+202F) in font [lmroman12-regular]:mapping=t
ex-text;!
Missing character: There is no   (U+202F) in font [lmroman12-regular]:mapping=t
ex-text;!
Missing character: There is no   (U+202F) in font [lmroman12-regular]:mapping=t
ex-text;!
Missing character: There is no   (U+202F) in font [lmroman12-regular]:mapping=t
ex-text;!
Missing character: There is no   (U+202F) in font [lmroman12-bold]:mapping=tex-
text;!
Missing character: There is no   (U+202F) in font [lmroman12-regular]:mapping=t
ex-text;!
File: /home/fanny-suszko/Documents/ENC/stage/mémoire/stage_cujas/images/IMG_595
2.jpeg Graphic file (type bmp)
</home/fanny-suszko/Documents/ENC/stage/mémoire/stage_cujas/images/IMG_5952.jpe
g>


[125]
Missing character: There is no   (U+202F) in font [lmroman12-regular]:mapping=t
ex-text;!
File: /home/fanny-suszko/Documents/ENC/stage/mémoire/stage_cujas/images/IMG_595
3.jpeg Graphic file (type bmp)
</home/fanny-suszko/Documents/ENC/stage/mémoire/stage_cujas/images/IMG_5953.jpe
g>
Missing character: There is no   (U+202F) in font [lmroman12-regular]:mapping=t
ex-text;!
File: /home/fanny-suszko/Documents/ENC/stage/mémoire/stage_cujas/images/IMG_595
4.jpeg Graphic file (type bmp)
</home/fanny-suszko/Documents/ENC/stage/mémoire/stage_cujas/images/IMG_5954.jpe
g>
) (./annexe_B_preconisations.tex

[126]
Annexe B.


[127

]

[128]

[129]

[130]
File: /home/fanny-suszko/Documents/ENC/stage/mémoire/stage_cujas/images/IMG_595
5.jpeg Graphic file (type bmp)
</home/fanny-suszko/Documents/ENC/stage/mémoire/stage_cujas/images/IMG_5955.jpe
g>


[131]
Overfull \vbox (14.84853pt too high) has occurred while \output is active []



[132]

[133]
File: /home/fanny-suszko/Documents/ENC/stage/mémoire/stage_cujas/images/recherc
he_simple/Lucienne.jpeg Graphic file (type bmp)
</home/fanny-suszko/Documents/ENC/stage/mémoire/stage_cujas/images/recherche_si
mple/Lucienne.jpeg>


[134]
File: /home/fanny-suszko/Documents/ENC/stage/mémoire/stage_cujas/images/recherc
he_simple/Cariatide.jpeg Graphic file (type bmp)
</home/fanny-suszko/Documents/ENC/stage/mémoire/stage_cujas/images/recherche_si
mple/Cariatide.jpeg>
File: /home/fanny-suszko/Documents/ENC/stage/mémoire/stage_cujas/images/recherc
he_simple/Institut_de_France.jpeg Graphic file (type bmp)
</home/fanny-suszko/Documents/ENC/stage/mémoire/stage_cujas/images/recherche_si
mple/Institut_de_France.jpeg>
File: /home/fanny-suszko/Documents/ENC/stage/mémoire/stage_cujas/images/recherc
he_simple/Gallica.jpeg Graphic file (type bmp)
</home/fanny-suszko/Documents/ENC/stage/mémoire/stage_cujas/images/recherche_si
mple/Gallica.jpeg>


[135]
File: /home/fanny-suszko/Documents/ENC/stage/mémoire/stage_cujas/images/recherc
he_simple/NuBIS.jpeg Graphic file (type bmp)
</home/fanny-suszko/Documents/ENC/stage/mémoire/stage_cujas/images/recherche_si
mple/NuBIS.jpeg>


[136]
File: /home/fanny-suszko/Documents/ENC/stage/mémoire/stage_cujas/images/recherc
he_avancee/Lucienne.jpeg Graphic file (type bmp)
</home/fanny-suszko/Documents/ENC/stage/mémoire/stage_cujas/images/recherche_av
ancee/Lucienne.jpeg>
File: /home/fanny-suszko/Documents/ENC/stage/mémoire/stage_cujas/images/recherc
he_avancee/Institut_de_France.jpeg Graphic file (type bmp)
</home/fanny-suszko/Documents/ENC/stage/mémoire/stage_cujas/images/recherche_av
ancee/Institut_de_France.jpeg>


[137]
File: /home/fanny-suszko/Documents/ENC/stage/mémoire/stage_cujas/images/recherc
he_avancee/Cariatide.jpeg Graphic file (type bmp)
</home/fanny-suszko/Documents/ENC/stage/mémoire/stage_cujas/images/recherche_av
ancee/Cariatide.jpeg>
File: /home/fanny-suszko/Documents/ENC/stage/mémoire/stage_cujas/images/recherc
he_avancee/Gallica.jpeg Graphic file (type bmp)
</home/fanny-suszko/Documents/ENC/stage/mémoire/stage_cujas/images/recherche_av
ancee/Gallica.jpeg>
File: /home/fanny-suszko/Documents/ENC/stage/mémoire/stage_cujas/images/recherc
he_avancee/Polona.jpeg Graphic file (type bmp)
</home/fanny-suszko/Documents/ENC/stage/mémoire/stage_cujas/images/recherche_av
ancee/Polona.jpeg>


[138]
File: /home/fanny-suszko/Documents/ENC/stage/mémoire/stage_cujas/images/filtrag
e/IMG_5966.jpeg Graphic file (type bmp)
</home/fanny-suszko/Documents/ENC/stage/mémoire/stage_cujas/images/filtrage/IMG
_5966.jpeg>
File: /home/fanny-suszko/Documents/ENC/stage/mémoire/stage_cujas/images/filtrag
e/IMG_5967.jpeg Graphic file (type bmp)
</home/fanny-suszko/Documents/ENC/stage/mémoire/stage_cujas/images/filtrage/IMG
_5967.jpeg>


[139]
File: /home/fanny-suszko/Documents/ENC/stage/mémoire/stage_cujas/images/filtrag
e/IMG_5968.jpeg Graphic file (type bmp)
</home/fanny-suszko/Documents/ENC/stage/mémoire/stage_cujas/images/filtrage/IMG
_5968.jpeg>


[140]
File: /home/fanny-suszko/Documents/ENC/stage/mémoire/stage_cujas/images/filtrag
e/IMG_5969.jpeg Graphic file (type bmp)
</home/fanny-suszko/Documents/ENC/stage/mémoire/stage_cujas/images/filtrage/IMG
_5969.jpeg>


[141]
File: /home/fanny-suszko/Documents/ENC/stage/mémoire/stage_cujas/images/filtrag
e/IMG_5970.jpeg Graphic file (type bmp)
</home/fanny-suszko/Documents/ENC/stage/mémoire/stage_cujas/images/filtrage/IMG
_5970.jpeg>


[142]
File: /home/fanny-suszko/Documents/ENC/stage/mémoire/stage_cujas/images/filtrag
e/IMG_5971.jpeg Graphic file (type bmp)
</home/fanny-suszko/Documents/ENC/stage/mémoire/stage_cujas/images/filtrage/IMG
_5971.jpeg>
File: /home/fanny-suszko/Documents/ENC/stage/mémoire/stage_cujas/images/collect
ions/IMG_5972.jpeg Graphic file (type bmp)
</home/fanny-suszko/Documents/ENC/stage/mémoire/stage_cujas/images/collections/
IMG_5972.jpeg>


[143]
File: /home/fanny-suszko/Documents/ENC/stage/mémoire/stage_cujas/images/collect
ions/IMG_5973.jpeg Graphic file (type bmp)
</home/fanny-suszko/Documents/ENC/stage/mémoire/stage_cujas/images/collections/
IMG_5973.jpeg>
File: /home/fanny-suszko/Documents/ENC/stage/mémoire/stage_cujas/images/collect
ions/IMG_5974.jpeg Graphic file (type bmp)
</home/fanny-suszko/Documents/ENC/stage/mémoire/stage_cujas/images/collections/
IMG_5974.jpeg>


[144]
File: /home/fanny-suszko/Documents/ENC/stage/mémoire/stage_cujas/images/collect
ions/IMG_5975.jpeg Graphic file (type bmp)
</home/fanny-suszko/Documents/ENC/stage/mémoire/stage_cujas/images/collections/
IMG_5975.jpeg>
File: /home/fanny-suszko/Documents/ENC/stage/mémoire/stage_cujas/images/collect
ions/IMG_5976.jpeg Graphic file (type bmp)
</home/fanny-suszko/Documents/ENC/stage/mémoire/stage_cujas/images/collections/
IMG_5976.jpeg>


[145]
File: /home/fanny-suszko/Documents/ENC/stage/mémoire/stage_cujas/images/collect
ions/IMG_5977.jpeg Graphic file (type bmp)
</home/fanny-suszko/Documents/ENC/stage/mémoire/stage_cujas/images/collections/
IMG_5977.jpeg>


[146]

[147]

[148]
File: /home/fanny-suszko/Documents/ENC/stage/mémoire/stage_cujas/images/page_do
cument/IMG_5978.jpeg Graphic file (type bmp)
</home/fanny-suszko/Documents/ENC/stage/mémoire/stage_cujas/images/page_documen
t/IMG_5978.jpeg>


[149]
File: /home/fanny-suszko/Documents/ENC/stage/mémoire/stage_cujas/images/page_do
cument/IMG_5979.jpeg Graphic file (type bmp)
</home/fanny-suszko/Documents/ENC/stage/mémoire/stage_cujas/images/page_documen
t/IMG_5979.jpeg>


[150]
File: /home/fanny-suszko/Documents/ENC/stage/mémoire/stage_cujas/images/page_do
cument/IMG_5980.jpeg Graphic file (type bmp)
</home/fanny-suszko/Documents/ENC/stage/mémoire/stage_cujas/images/page_documen
t/IMG_5980.jpeg>
File: /home/fanny-suszko/Documents/ENC/stage/mémoire/stage_cujas/images/page_do
cument/IMG_5981.jpeg Graphic file (type bmp)
</home/fanny-suszko/Documents/ENC/stage/mémoire/stage_cujas/images/page_documen
t/IMG_5981.jpeg>


[151]

[152]

[153]

[154]
File: /home/fanny-suszko/Documents/ENC/stage/mémoire/stage_cujas/images/compte_
personnel/IMG_5982.jpeg Graphic file (type bmp)
</home/fanny-suszko/Documents/ENC/stage/mémoire/stage_cujas/images/compte_perso
nnel/IMG_5982.jpeg>
File: /home/fanny-suszko/Documents/ENC/stage/mémoire/stage_cujas/images/compte_
personnel/IMG_5983.jpeg Graphic file (type bmp)
</home/fanny-suszko/Documents/ENC/stage/mémoire/stage_cujas/images/compte_perso
nnel/IMG_5983.jpeg>


[155]
File: /home/fanny-suszko/Documents/ENC/stage/mémoire/stage_cujas/images/compte_
personnel/IMG_5984.jpeg Graphic file (type bmp)
</home/fanny-suszko/Documents/ENC/stage/mémoire/stage_cujas/images/compte_perso
nnel/IMG_5984.jpeg>
File: /home/fanny-suszko/Documents/ENC/stage/mémoire/stage_cujas/images/compte_
personnel/IMG_5985.jpeg Graphic file (type bmp)
</home/fanny-suszko/Documents/ENC/stage/mémoire/stage_cujas/images/compte_perso
nnel/IMG_5985.jpeg>


[156]
File: /home/fanny-suszko/Documents/ENC/stage/mémoire/stage_cujas/images/compte_
personnel/IMG_5986.jpeg Graphic file (type bmp)
</home/fanny-suszko/Documents/ENC/stage/mémoire/stage_cujas/images/compte_perso
nnel/IMG_5986.jpeg>
File: /home/fanny-suszko/Documents/ENC/stage/mémoire/stage_cujas/images/consult
ation_documents/IMG_5987.jpeg Graphic file (type bmp)
</home/fanny-suszko/Documents/ENC/stage/mémoire/stage_cujas/images/consultation
_documents/IMG_5987.jpeg>


[157]
File: /home/fanny-suszko/Documents/ENC/stage/mémoire/stage_cujas/images/consult
ation_documents/IMG_5988.jpeg Graphic file (type bmp)
</home/fanny-suszko/Documents/ENC/stage/mémoire/stage_cujas/images/consultation
_documents/IMG_5988.jpeg>
File: /home/fanny-suszko/Documents/ENC/stage/mémoire/stage_cujas/images/consult
ation_documents/IMG_5989.jpeg Graphic file (type bmp)
</home/fanny-suszko/Documents/ENC/stage/mémoire/stage_cujas/images/consultation
_documents/IMG_5989.jpeg>


[158]
File: /home/fanny-suszko/Documents/ENC/stage/mémoire/stage_cujas/images/consult
ation_documents/IMG_5990.jpeg Graphic file (type bmp)
</home/fanny-suszko/Documents/ENC/stage/mémoire/stage_cujas/images/consultation
_documents/IMG_5990.jpeg>
File: /home/fanny-suszko/Documents/ENC/stage/mémoire/stage_cujas/images/telecha
rgements_et_formats/IMG_5991.jpeg Graphic file (type bmp)
</home/fanny-suszko/Documents/ENC/stage/mémoire/stage_cujas/images/telechargeme
nts_et_formats/IMG_5991.jpeg>


[159]
File: /home/fanny-suszko/Documents/ENC/stage/mémoire/stage_cujas/images/telecha
rgements_et_formats/IMG_5992.jpeg Graphic file (type bmp)
</home/fanny-suszko/Documents/ENC/stage/mémoire/stage_cujas/images/telechargeme
nts_et_formats/IMG_5992.jpeg>
File: /home/fanny-suszko/Documents/ENC/stage/mémoire/stage_cujas/images/telecha
rgements_et_formats/IMG_5993.jpeg Graphic file (type bmp)
</home/fanny-suszko/Documents/ENC/stage/mémoire/stage_cujas/images/telechargeme
nts_et_formats/IMG_5993.jpeg>


[160]
File: /home/fanny-suszko/Documents/ENC/stage/mémoire/stage_cujas/images/exploit
ation_documents/IMG_5994.jpeg Graphic file (type bmp)
</home/fanny-suszko/Documents/ENC/stage/mémoire/stage_cujas/images/exploitation
_documents/IMG_5994.jpeg>
File: /home/fanny-suszko/Documents/ENC/stage/mémoire/stage_cujas/images/exploit
ation_documents/IMG_5995.jpeg Graphic file (type bmp)
</home/fanny-suszko/Documents/ENC/stage/mémoire/stage_cujas/images/exploitation
_documents/IMG_5995.jpeg>


[161]
File: /home/fanny-suszko/Documents/ENC/stage/mémoire/stage_cujas/images/exploit
ation_documents/IMG_5996.jpeg Graphic file (type bmp)
</home/fanny-suszko/Documents/ENC/stage/mémoire/stage_cujas/images/exploitation
_documents/IMG_5996.jpeg>
File: /home/fanny-suszko/Documents/ENC/stage/mémoire/stage_cujas/images/OCR_tra
nscriptions/IMG_5997.jpeg Graphic file (type bmp)
</home/fanny-suszko/Documents/ENC/stage/mémoire/stage_cujas/images/OCR_transcri
ptions/IMG_5997.jpeg>
File: /home/fanny-suszko/Documents/ENC/stage/mémoire/stage_cujas/images/OCR_tra
nscriptions/IMG_5998.jpeg Graphic file (type bmp)
</home/fanny-suszko/Documents/ENC/stage/mémoire/stage_cujas/images/OCR_transcri
ptions/IMG_5998.jpeg>


[162]
File: /home/fanny-suszko/Documents/ENC/stage/mémoire/stage_cujas/images/droit_a
cces/IMG_5999.jpeg Graphic file (type bmp)
</home/fanny-suszko/Documents/ENC/stage/mémoire/stage_cujas/images/droit_acces/
IMG_5999.jpeg>


[163]

[164]

[165]

[166]
File: /home/fanny-suszko/Documents/ENC/stage/mémoire/stage_cujas/images/a_propo
s/IMG_6001.jpeg Graphic file (type bmp)
</home/fanny-suszko/Documents/ENC/stage/mémoire/stage_cujas/images/a_propos/IMG
_6001.jpeg>
File: /home/fanny-suszko/Documents/ENC/stage/mémoire/stage_cujas/images/a_propo
s/IMG_6002.jpeg Graphic file (type bmp)
</home/fanny-suszko/Documents/ENC/stage/mémoire/stage_cujas/images/a_propos/IMG
_6002.jpeg>


[167]
File: /home/fanny-suszko/Documents/ENC/stage/mémoire/stage_cujas/images/a_propo
s/IMG_6003.jpeg Graphic file (type bmp)
</home/fanny-suszko/Documents/ENC/stage/mémoire/stage_cujas/images/a_propos/IMG
_6003.jpeg>


[168]
File: /home/fanny-suszko/Documents/ENC/stage/mémoire/stage_cujas/images/a_propo
s/IMG_6004.jpeg Graphic file (type bmp)
</home/fanny-suszko/Documents/ENC/stage/mémoire/stage_cujas/images/a_propos/IMG
_6004.jpeg>
File: /home/fanny-suszko/Documents/ENC/stage/mémoire/stage_cujas/images/a_propo
s/IMG_6005.jpeg Graphic file (type bmp)
</home/fanny-suszko/Documents/ENC/stage/mémoire/stage_cujas/images/a_propos/IMG
_6005.jpeg>
File: /home/fanny-suszko/Documents/ENC/stage/mémoire/stage_cujas/images/a_propo
s/IMG_6006.jpeg Graphic file (type bmp)
</home/fanny-suszko/Documents/ENC/stage/mémoire/stage_cujas/images/a_propos/IMG
_6006.jpeg>


[169]
File: /home/fanny-suszko/Documents/ENC/stage/mémoire/stage_cujas/images/mention
s_legales/IMG_6007.jpeg Graphic file (type bmp)
</home/fanny-suszko/Documents/ENC/stage/mémoire/stage_cujas/images/mentions_leg
ales/IMG_6007.jpeg>


[170]
File: /home/fanny-suszko/Documents/ENC/stage/mémoire/stage_cujas/images/mention
s_legales/IMG_6008.jpeg Graphic file (type bmp)
</home/fanny-suszko/Documents/ENC/stage/mémoire/stage_cujas/images/mentions_leg
ales/IMG_6008.jpeg>
File: /home/fanny-suszko/Documents/ENC/stage/mémoire/stage_cujas/images/mention
s_legales/IMG_6009.jpeg Graphic file (type bmp)
</home/fanny-suszko/Documents/ENC/stage/mémoire/stage_cujas/images/mentions_leg
ales/IMG_6009.jpeg>


[171]
File: /home/fanny-suszko/Documents/ENC/stage/mémoire/stage_cujas/images/mention
s_legales/IMG_6010.jpeg Graphic file (type bmp)
</home/fanny-suszko/Documents/ENC/stage/mémoire/stage_cujas/images/mentions_leg
ales/IMG_6010.jpeg>
File: /home/fanny-suszko/Documents/ENC/stage/mémoire/stage_cujas/images/mention
s_legales/IMG_6011.jpeg Graphic file (type bmp)
</home/fanny-suszko/Documents/ENC/stage/mémoire/stage_cujas/images/mentions_leg
ales/IMG_6011.jpeg>


[172]
File: /home/fanny-suszko/Documents/ENC/stage/mémoire/stage_cujas/images/RGPD/IM
G_6012.jpeg Graphic file (type bmp)
</home/fanny-suszko/Documents/ENC/stage/mémoire/stage_cujas/images/RGPD/IMG_601
2.jpeg>


[173]
File: /home/fanny-suszko/Documents/ENC/stage/mémoire/stage_cujas/images/RGPD/IM
G_6013.jpeg Graphic file (type bmp)
</home/fanny-suszko/Documents/ENC/stage/mémoire/stage_cujas/images/RGPD/IMG_601
3.jpeg>
File: /home/fanny-suszko/Documents/ENC/stage/mémoire/stage_cujas/images/RGPD/IM
G_6014.jpeg Graphic file (type bmp)
</home/fanny-suszko/Documents/ENC/stage/mémoire/stage_cujas/images/RGPD/IMG_601
4.jpeg>


[174]
File: /home/fanny-suszko/Documents/ENC/stage/mémoire/stage_cujas/images/conditi
ons_utilisation/IMG_6015.jpeg Graphic file (type bmp)
</home/fanny-suszko/Documents/ENC/stage/mémoire/stage_cujas/images/conditions_u
tilisation/IMG_6015.jpeg>
File: /home/fanny-suszko/Documents/ENC/stage/mémoire/stage_cujas/images/conditi
ons_utilisation/IMG_6016.jpeg Graphic file (type bmp)
</home/fanny-suszko/Documents/ENC/stage/mémoire/stage_cujas/images/conditions_u
tilisation/IMG_6016.jpeg>
File: /home/fanny-suszko/Documents/ENC/stage/mémoire/stage_cujas/images/conditi
ons_utilisation/IMG_6017.jpeg Graphic file (type bmp)
</home/fanny-suszko/Documents/ENC/stage/mémoire/stage_cujas/images/conditions_u
tilisation/IMG_6017.jpeg>


[175]
File: /home/fanny-suszko/Documents/ENC/stage/mémoire/stage_cujas/images/conditi
ons_utilisation/IMG_6018.jpeg Graphic file (type bmp)
</home/fanny-suszko/Documents/ENC/stage/mémoire/stage_cujas/images/conditions_u
tilisation/IMG_6018.jpeg>
File: /home/fanny-suszko/Documents/ENC/stage/mémoire/stage_cujas/images/conditi
ons_utilisation/IMG_6019.jpeg Graphic file (type bmp)
</home/fanny-suszko/Documents/ENC/stage/mémoire/stage_cujas/images/conditions_u
tilisation/IMG_6019.jpeg>


[176]
File: /home/fanny-suszko/Documents/ENC/stage/mémoire/stage_cujas/images/WCAG/IM
G_6020.jpeg Graphic file (type bmp)
</home/fanny-suszko/Documents/ENC/stage/mémoire/stage_cujas/images/WCAG/IMG_602
0.jpeg>


[177]
File: /home/fanny-suszko/Documents/ENC/stage/mémoire/stage_cujas/images/WCAG/IM
G_6021.jpeg Graphic file (type bmp)
</home/fanny-suszko/Documents/ENC/stage/mémoire/stage_cujas/images/WCAG/IMG_602
1.jpeg>
File: /home/fanny-suszko/Documents/ENC/stage/mémoire/stage_cujas/images/WCAG/IM
G_6022.jpeg Graphic file (type bmp)
</home/fanny-suszko/Documents/ENC/stage/mémoire/stage_cujas/images/WCAG/IMG_602
2.jpeg>


[178]
File: /home/fanny-suszko/Documents/ENC/stage/mémoire/stage_cujas/images/contact
/IMG_6023.jpeg Graphic file (type bmp)
</home/fanny-suszko/Documents/ENC/stage/mémoire/stage_cujas/images/contact/IMG_
6023.jpeg>


[179]
File: /home/fanny-suszko/Documents/ENC/stage/mémoire/stage_cujas/images/contact
/IMG_6024.jpeg Graphic file (type bmp)
</home/fanny-suszko/Documents/ENC/stage/mémoire/stage_cujas/images/contact/IMG_
6024.jpeg>
File: /home/fanny-suszko/Documents/ENC/stage/mémoire/stage_cujas/images/contact
/IMG_6025.jpeg Graphic file (type bmp)
</home/fanny-suszko/Documents/ENC/stage/mémoire/stage_cujas/images/contact/IMG_
6025.jpeg>
File: /home/fanny-suszko/Documents/ENC/stage/mémoire/stage_cujas/images/contact
/IMG_6026.jpeg Graphic file (type bmp)
</home/fanny-suszko/Documents/ENC/stage/mémoire/stage_cujas/images/contact/IMG_
6026.jpeg>


[180]
File: /home/fanny-suszko/Documents/ENC/stage/mémoire/stage_cujas/images/tutorie
ls/IMG_6027.jpeg Graphic file (type bmp)
</home/fanny-suszko/Documents/ENC/stage/mémoire/stage_cujas/images/tutoriels/IM
G_6027.jpeg>


[181]
File: /home/fanny-suszko/Documents/ENC/stage/mémoire/stage_cujas/images/tutorie
ls/IMG_6028.jpeg Graphic file (type bmp)
</home/fanny-suszko/Documents/ENC/stage/mémoire/stage_cujas/images/tutoriels/IM
G_6028.jpeg>
File: /home/fanny-suszko/Documents/ENC/stage/mémoire/stage_cujas/images/tutorie
ls/IMG_6029.jpeg Graphic file (type bmp)
</home/fanny-suszko/Documents/ENC/stage/mémoire/stage_cujas/images/tutoriels/IM
G_6029.jpeg>


[182]
File: /home/fanny-suszko/Documents/ENC/stage/mémoire/stage_cujas/images/tutorie
ls/IMG_6030.jpeg Graphic file (type bmp)
</home/fanny-suszko/Documents/ENC/stage/mémoire/stage_cujas/images/tutoriels/IM
G_6030.jpeg>
File: /home/fanny-suszko/Documents/ENC/stage/mémoire/stage_cujas/images/tutorie
ls/IMG_6031.jpeg Graphic file (type bmp)
</home/fanny-suszko/Documents/ENC/stage/mémoire/stage_cujas/images/tutoriels/IM
G_6031.jpeg>


[183]
File: /home/fanny-suszko/Documents/ENC/stage/mémoire/stage_cujas/images/FAQ/IMG
_6032.jpeg Graphic file (type bmp)
</home/fanny-suszko/Documents/ENC/stage/mémoire/stage_cujas/images/FAQ/IMG_6032
.jpeg>
File: /home/fanny-suszko/Documents/ENC/stage/mémoire/stage_cujas/images/FAQ/IMG
_6033.jpeg Graphic file (type bmp)
</home/fanny-suszko/Documents/ENC/stage/mémoire/stage_cujas/images/FAQ/IMG_6033
.jpeg>


[184]
File: /home/fanny-suszko/Documents/ENC/stage/mémoire/stage_cujas/images/FAQ/IMG
_6034.jpeg Graphic file (type bmp)
</home/fanny-suszko/Documents/ENC/stage/mémoire/stage_cujas/images/FAQ/IMG_6034
.jpeg>


[185]
File: /home/fanny-suszko/Documents/ENC/stage/mémoire/stage_cujas/images/present
ation_editorialisation/IMG_6035.jpeg Graphic file (type bmp)
</home/fanny-suszko/Documents/ENC/stage/mémoire/stage_cujas/images/presentation
_editorialisation/IMG_6035.jpeg>
File: /home/fanny-suszko/Documents/ENC/stage/mémoire/stage_cujas/images/present
ation_editorialisation/IMG_6036.jpeg Graphic file (type bmp)
</home/fanny-suszko/Documents/ENC/stage/mémoire/stage_cujas/images/presentation
_editorialisation/IMG_6036.jpeg>


[186]
File: /home/fanny-suszko/Documents/ENC/stage/mémoire/stage_cujas/images/present
ation_editorialisation/IMG_6037.jpeg Graphic file (type bmp)
</home/fanny-suszko/Documents/ENC/stage/mémoire/stage_cujas/images/presentation
_editorialisation/IMG_6037.jpeg>


[187]
File: /home/fanny-suszko/Documents/ENC/stage/mémoire/stage_cujas/images/present
ation_editorialisation/IMG_6038.jpeg Graphic file (type bmp)
</home/fanny-suszko/Documents/ENC/stage/mémoire/stage_cujas/images/presentation
_editorialisation/IMG_6038.jpeg>
File: /home/fanny-suszko/Documents/ENC/stage/mémoire/stage_cujas/images/organis
ation_focus_thematiques/IMG_6040.jpeg Graphic file (type bmp)
</home/fanny-suszko/Documents/ENC/stage/mémoire/stage_cujas/images/organisation
_focus_thematiques/IMG_6040.jpeg>
File: /home/fanny-suszko/Documents/ENC/stage/mémoire/stage_cujas/images/organis
ation_focus_thematiques/IMG_6041.jpeg Graphic file (type bmp)
</home/fanny-suszko/Documents/ENC/stage/mémoire/stage_cujas/images/organisation
_focus_thematiques/IMG_6041.jpeg>


[188]
File: /home/fanny-suszko/Documents/ENC/stage/mémoire/stage_cujas/images/fonds/I
MG_6042.jpeg Graphic file (type bmp)
</home/fanny-suszko/Documents/ENC/stage/mémoire/stage_cujas/images/fonds/IMG_60
42.jpeg>
File: /home/fanny-suszko/Documents/ENC/stage/mémoire/stage_cujas/images/fiches_
biographiques_et_galerie_personnalites/IMG_6043.jpeg Graphic file (type bmp)
</home/fanny-suszko/Documents/ENC/stage/mémoire/stage_cujas/images/fiches_biogr
aphiques_et_galerie_personnalites/IMG_6043.jpeg>


[189]
File: /home/fanny-suszko/Documents/ENC/stage/mémoire/stage_cujas/images/fiches_
biographiques_et_galerie_personnalites/IMG_6044.jpeg Graphic file (type bmp)
</home/fanny-suszko/Documents/ENC/stage/mémoire/stage_cujas/images/fiches_biogr
aphiques_et_galerie_personnalites/IMG_6044.jpeg>
File: /home/fanny-suszko/Documents/ENC/stage/mémoire/stage_cujas/images/exposit
ions_virtuelles/IMG_6045.jpeg Graphic file (type bmp)
</home/fanny-suszko/Documents/ENC/stage/mémoire/stage_cujas/images/expositions_
virtuelles/IMG_6045.jpeg>


[190]
File: /home/fanny-suszko/Documents/ENC/stage/mémoire/stage_cujas/images/exposit
ions_virtuelles/IMG_6046.jpeg Graphic file (type bmp)
</home/fanny-suszko/Documents/ENC/stage/mémoire/stage_cujas/images/expositions_
virtuelles/IMG_6046.jpeg>
File: /home/fanny-suszko/Documents/ENC/stage/mémoire/stage_cujas/images/exposit
ions_virtuelles/IMG_6047.jpeg Graphic file (type bmp)
</home/fanny-suszko/Documents/ENC/stage/mémoire/stage_cujas/images/expositions_
virtuelles/IMG_6047.jpeg>


[191]
File: /home/fanny-suszko/Documents/ENC/stage/mémoire/stage_cujas/images/edition
s_numeriques/IMG_6048.jpeg Graphic file (type bmp)
</home/fanny-suszko/Documents/ENC/stage/mémoire/stage_cujas/images/editions_num
eriques/IMG_6048.jpeg>
File: /home/fanny-suszko/Documents/ENC/stage/mémoire/stage_cujas/images/blog_ac
tualites_lettres/IMG_6049.jpeg Graphic file (type bmp)
</home/fanny-suszko/Documents/ENC/stage/mémoire/stage_cujas/images/blog_actuali
tes_lettres/IMG_6049.jpeg>


[192]
File: /home/fanny-suszko/Documents/ENC/stage/mémoire/stage_cujas/images/blog_ac
tualites_lettres/IMG_6050.jpeg Graphic file (type bmp)
</home/fanny-suszko/Documents/ENC/stage/mémoire/stage_cujas/images/blog_actuali
tes_lettres/IMG_6050.jpeg>
File: /home/fanny-suszko/Documents/ENC/stage/mémoire/stage_cujas/images/blog_ac
tualites_lettres/IMG_6051.jpeg Graphic file (type bmp)
</home/fanny-suszko/Documents/ENC/stage/mémoire/stage_cujas/images/blog_actuali
tes_lettres/IMG_6051.jpeg>


[193]
File: /home/fanny-suszko/Documents/ENC/stage/mémoire/stage_cujas/images/blog_ac
tualites_lettres/IMG_6052.jpeg Graphic file (type bmp)
</home/fanny-suszko/Documents/ENC/stage/mémoire/stage_cujas/images/blog_actuali
tes_lettres/IMG_6052.jpeg>
File: /home/fanny-suszko/Documents/ENC/stage/mémoire/stage_cujas/images/blog_ac
tualites_lettres/IMG_6053.jpeg Graphic file (type bmp)
</home/fanny-suszko/Documents/ENC/stage/mémoire/stage_cujas/images/blog_actuali
tes_lettres/IMG_6053.jpeg>


[194]

[195]

[196]
File: /home/fanny-suszko/Documents/ENC/stage/mémoire/stage_cujas/Conceptualisat
ion_page_accueil/Page_accueil_2.pdf Graphic file (type pdf)
</home/fanny-suszko/Documents/ENC/stage/mémoire/stage_cujas/Conceptualisation_p
age_accueil/Page_accueil_2.pdf>


[197]

[198]

[199]

[200]

[201]

[202]

[203]

[204]

[205]

[206]

[207]

[208]

[209]

[210]

[211])

[212]
No file document_maitre.gls.


[213


]

[214

] (./document_maitre.toc

[215]

[216]

[217]
Missing character: There is no   (U+202F) in font [lmroman12-regular]:mapping=t
ex-text;!
Missing character: There is no   (U+202F) in font [lmroman12-regular]:mapping=t
ex-text;!
Missing character: There is no   (U+202F) in font [lmroman12-regular]:mapping=t
ex-text;!


[218]
Missing character: There is no   (U+202F) in font [lmroman12-regular]:mapping=t
ex-text;!
Missing character: There is no   (U+202F) in font [lmroman12-regular]:mapping=t
ex-text;!
Missing character: There is no   (U+202F) in font [lmroman12-regular]:mapping=t
ex-text;!
Missing character: There is no   (U+202F) in font [lmroman12-regular]:mapping=t
ex-text;!
Missing character: There is no   (U+202F) in font [lmroman12-regular]:mapping=t
ex-text;!
Missing character: There is no   (U+202F) in font [lmroman12-regular]:mapping=t
ex-text;!
Missing character: There is no   (U+202F) in font [lmroman12-regular]:mapping=t
ex-text;!
Missing character: There is no   (U+202F) in font [lmroman12-regular]:mapping=t
ex-text;!
Missing character: There is no   (U+202F) in font [lmroman12-regular]:mapping=t
ex-text;!
Missing character: There is no   (U+202F) in font [lmroman12-regular]:mapping=t
ex-text;!
Missing character: There is no   (U+202F) in font [lmroman12-regular]:mapping=t
ex-text;!


[219]
Missing character: There is no   (U+202F) in font [lmroman12-regular]:mapping=t
ex-text;!
Missing character: There is no   (U+202F) in font [lmroman12-regular]:mapping=t
ex-text;!
Missing character: There is no   (U+202F) in font [lmroman12-regular]:mapping=t
ex-text;!
Missing character: There is no   (U+202F) in font [lmroman12-regular]:mapping=t
ex-text;!


[220])
\tf@toc=\write7
\openout7 = `document_maitre.toc'.



Package acro Warning: Empty acronym list. If you have used acronyms then
(acro)                re-compile to get the list filled. Otherwise remove
(acro)                \printacronyms



[221] (./document_maitre.aux)
 ***********
LaTeX2e <2025-06-01> patch level 1
L3 programming layer <2025-09-02>
 ***********
Package logreq Info: Writing requests to 'document_maitre.run.xml'.
\openout1 = `document_maitre.run.xml'.

 ) 
Here is how much of TeX's memory you used:
 42541 strings out of 468389
 1030105 string characters out of 5440619
 1735276 words of memory out of 5000000
 70470 multiletter control sequences out of 15000+600000
 643127 words of font info for 112 fonts, out of 8000000 for 9000
 1348 hyphenation exceptions out of 8191
 75i,13n,104p,2498b,4112s stack positions out of 10000i,1000n,20000p,200000b,200000s

Output written on document_maitre.pdf (233 pages).
